timestamp,node_id,tilt_x,tilt_y,tilt_magnitude
2026-09-01 00:00:00,N01,0.5248,0.2931,0.6011011978028326
2026-09-01 00:05:00,N01,0.5324,0.3762,0.6519019864979704
2026-09-01 00:10:00,N01,0.4883,0.2883,0.5670571223430669
2026-09-01 00:15:00,N01,0.579,0.3384,0.6706381736823516
2026-09-01 00:20:00,N01,0.4765,0.3271,0.5779676980593292
2026-09-01 00:25:00,N01,0.4768,0.2767,0.5512722829963429
2026-09-01 00:30:00,N01,0.5121,0.2043,0.5513482565493428
2026-09-01 00:35:00,N01,0.4138,0.2719,0.49513639534980664
2026-09-01 00:40:00,N01,0.4494,0.3157,0.5492056536489769
2026-09-01 00:45:00,N01,0.4546,0.2294,0.5092008640998167
2026-09-01 00:50:00,N01,0.5733,0.2887,0.6418882924621698
2026-09-01 00:55:00,N01,0.5034,0.2288,0.5529565986585204
2026-09-01 01:00:00,N01,0.4728,0.3055,0.5629121512278803
2026-09-01 01:05:00,N01,0.4425,0.3188,0.5453803168432099
2026-09-01 01:10:00,N01,0.47,0.2854,0.5498664928871371
2026-09-01 01:15:00,N01,0.4699,0.3926,0.6123240726935371
2026-09-01 01:20:00,N01,0.4993,0.2471,0.5570986447658978
2026-09-01 01:25:00,N01,0.5411,0.239,0.5915320870417766
2026-09-01 01:30:00,N01,0.5104,0.202,0.5489190832900601
2026-09-01 01:35:00,N01,0.4336,0.3098,0.532902430093915
2026-09-01 01:40:00,N01,0.5369,0.3086,0.6192701914350472
2026-09-01 01:45:00,N01,0.4942,0.2849,0.5704398741322348
2026-09-01 01:50:00,N01,0.4261,0.264,0.501255633384803
2026-09-01 01:55:00,N01,0.477,0.3529,0.593352686013976
2026-09-01 02:00:00,N01,0.5172,0.2118,0.5588873589552729
2026-09-01 02:05:00,N01,0.5162,0.2807,0.5875839769769083
2026-09-01 02:10:00,N01,0.4662,0.3306,0.5715232278744233
2026-09-01 02:15:00,N01,0.5515,0.3466,0.6513707162591822
2026-09-01 02:20:00,N01,0.458,0.2845,0.5391699639260332
2026-09-01 02:25:00,N01,0.5166,0.3488,0.623327361825229
2026-09-01 02:30:00,N01,0.476,0.2907,0.5577476938544883
2026-09-01 02:35:00,N01,0.4447,0.2402,0.5054247026016833
2026-09-01 02:40:00,N01,0.5406,0.3678,0.653854112168762
2026-09-01 02:45:00,N01,0.4964,0.3502,0.6074973250969917
2026-09-01 02:50:00,N01,0.5181,0.2677,0.5831731303823934
2026-09-01 02:55:00,N01,0.5181,0.3769,0.6406880832355164
2026-09-01 03:00:00,N01,0.4982,0.3782,0.6254905914560186
2026-09-01 03:05:00,N01,0.369,0.3411,0.5025039402830589
2026-09-01 03:10:00,N01,0.5044,0.285,0.5793482199851829
2026-09-01 03:15:00,N01,0.5046,0.2006,0.5430115284227399
2026-09-01 03:20:00,N01,0.489,0.3179,0.5832507265319092
2026-09-01 03:25:00,N01,0.5739,0.2741,0.6359968710614856
2026-09-01 03:30:00,N01,0.4596,0.2749,0.5355391395593789
2026-09-01 03:35:00,N01,0.5458,0.3164,0.6308776426534705
2026-09-01 03:40:00,N01,0.4735,0.3257,0.5747023055460975
2026-09-01 03:45:00,N01,0.5049,0.3484,0.6134383180076054
2026-09-01 03:50:00,N01,0.4649,0.2836,0.5445741180041519
2026-09-01 03:55:00,N01,0.4804,0.2268,0.5312460823384959
2026-09-01 04:00:00,N01,0.5148,0.3131,0.6025368453464071
2026-09-01 04:05:00,N01,0.5003,0.2883,0.577422704783939
2026-09-01 04:10:00,N01,0.4292,0.279,0.511911750207006
2026-09-01 04:15:00,N01,0.4829,0.2599,0.5483980488659674
2026-09-01 04:20:00,N01,0.4919,0.3202,0.5869358142079932
2026-09-01 04:25:00,N01,0.5943,0.3087,0.6696926011238291
2026-09-01 04:30:00,N01,0.5129,0.2963,0.5923344494455813
2026-09-01 04:35:00,N01,0.4041,0.2987,0.5025121889068961
2026-09-01 04:40:00,N01,0.503,0.4232,0.6573486441759806
2026-09-01 04:45:00,N01,0.4904,0.3151,0.5829066563353004
2026-09-01 04:50:00,N01,0.4983,0.2416,0.5537810487909459
2026-09-01 04:55:00,N01,0.5571,0.3376,0.6514093720541638
2026-09-01 05:00:00,N01,0.5396,0.2545,0.5966057408372801
2026-09-01 05:05:00,N01,0.5701,0.2299,0.6147097038440178
2026-09-01 05:10:00,N01,0.5293,0.4095,0.6692150177633494
2026-09-01 05:15:00,N01,0.4505,0.2717,0.5260904294890756
2026-09-01 05:20:00,N01,0.505,0.2748,0.5749261169924358
2026-09-01 05:25:00,N01,0.4225,0.3034,0.5201517182515117
2026-09-01 05:30:00,N01,0.4469,0.3237,0.55181636438221
2026-09-01 05:35:00,N01,0.454,0.3775,0.5904424188691053
2026-09-01 05:40:00,N01,0.4608,0.2839,0.5412354847938188
2026-09-01 05:45:00,N01,0.5407,0.2385,0.5909642459574014
2026-09-01 05:50:00,N01,0.5114,0.3654,0.6285277400401672
2026-09-01 05:55:00,N01,0.4196,0.3092,0.521218572194046
2026-09-01 06:00:00,N01,0.513,0.3391,0.6149453715575067
2026-09-01 06:05:00,N01,0.4382,0.234,0.49676477330825297
2026-09-01 06:10:00,N01,0.5261,0.3148,0.6130907355359401
2026-09-01 06:15:00,N01,0.5125,0.3173,0.6027732077655742
2026-09-01 06:20:00,N01,0.466,0.3116,0.5605805562093641
2026-09-01 06:25:00,N01,0.5147,0.2643,0.5785936225020114
2026-09-01 06:30:00,N01,0.5933,0.3237,0.6758598819281997
2026-09-01 06:35:00,N01,0.4404,0.3328,0.552003623176515
2026-09-01 06:40:00,N01,0.4513,0.3394,0.5646804848761819
2026-09-01 06:45:00,N01,0.5579,0.259,0.61508813189656
2026-09-01 06:50:00,N01,0.5482,0.3206,0.635065036039617
2026-09-01 06:55:00,N01,0.5411,0.3948,0.6698180723151623
2026-09-01 07:00:00,N01,0.4877,0.2623,0.553762205283098
2026-09-01 07:05:00,N01,0.4555,0.2592,0.5240848118386947
2026-09-01 07:10:00,N01,0.4961,0.3171,0.5887848673327126
2026-09-01 07:15:00,N01,0.5138,0.3414,0.6168828089677973
2026-09-01 07:20:00,N01,0.5007,0.3727,0.6241840914345703
2026-09-01 07:25:00,N01,0.4868,0.436,0.653506113207826
2026-09-01 07:30:00,N01,0.5313,0.2571,0.5902373251498079
2026-09-01 07:35:00,N01,0.4465,0.3241,0.5517273420812132
2026-09-01 07:40:00,N01,0.4888,0.3357,0.592975488532199
2026-09-01 07:45:00,N01,0.5237,0.2964,0.6017596280908184
2026-09-01 07:50:00,N01,0.4577,0.2243,0.5097055816841718
2026-09-01 07:55:00,N01,0.4777,0.3428,0.5879703478917964
2026-09-01 08:00:00,N01,0.5107,0.2377,0.5633078909441976
2026-09-01 08:05:00,N01,0.5087,0.3193,0.6006065101212275
2026-09-01 08:10:00,N01,0.4558,0.3077,0.5499390238926494
2026-09-01 08:15:00,N01,0.5029,0.2429,0.558487976593946
2026-09-01 08:20:00,N01,0.5179,0.328,0.6130288818644681
2026-09-01 08:25:00,N01,0.5542,0.3527,0.6569131830006154
2026-09-01 08:30:00,N01,0.4311,0.2531,0.4999068113158691
2026-09-01 08:35:00,N01,0.5258,0.3257,0.6185031366129036
2026-09-01 08:40:00,N01,0.5258,0.4926,0.7205001040943714
2026-09-01 08:45:00,N01,0.5285,0.3568,0.637666441017559
2026-09-01 08:50:00,N01,0.5477,0.3326,0.6407792521609919
2026-09-01 08:55:00,N01,0.4842,0.3379,0.5904456367863176
2026-09-01 09:00:00,N01,0.4614,0.2882,0.5440121322176557
2026-09-01 09:05:00,N01,0.4757,0.3041,0.5645948104614494
2026-09-01 09:10:00,N01,0.6157,0.2066,0.6494382572654618
2026-09-01 09:15:00,N01,0.5343,0.2194,0.5775922869983635
2026-09-01 09:20:00,N01,0.4764,0.3544,0.5937645324537328
2026-09-01 09:25:00,N01,0.5032,0.2461,0.5601566298813216
2026-09-01 09:30:00,N01,0.4642,0.334,0.571872048626264
2026-09-01 09:35:00,N01,0.4635,0.3108,0.5580581421321618
2026-09-01 09:40:00,N01,0.5023,0.2674,0.569041342962003
2026-09-01 09:45:00,N01,0.6072,0.3317,0.691893582857942
2026-09-01 09:50:00,N01,0.3987,0.3093,0.5046069559568119
2026-09-01 09:55:00,N01,0.4669,0.3426,0.5791117077041354
2026-09-01 10:00:00,N01,0.4604,0.2943,0.5464253379923006
2026-09-01 10:05:00,N01,0.5252,0.3433,0.627447153153156
2026-09-01 10:10:00,N01,0.44,0.2833,0.5233152873746381
2026-09-01 10:15:00,N01,0.4763,0.2673,0.5461785239278454
2026-09-01 10:20:00,N01,0.5883,0.3202,0.6697946924244772
2026-09-01 10:25:00,N01,0.437,0.3459,0.5573291756224502
2026-09-01 10:30:00,N01,0.6061,0.3516,0.7006994862278694
2026-09-01 10:35:00,N01,0.424,0.2758,0.5058079082023135
2026-09-01 10:40:00,N01,0.5633,0.2646,0.6223504237967545
2026-09-01 10:45:00,N01,0.5222,0.3387,0.6224231117174233
2026-09-01 10:50:00,N01,0.4537,0.297,0.5422662537905157
2026-09-01 10:55:00,N01,0.3379,0.2488,0.419616312838288
2026-09-01 11:00:00,N01,0.4874,0.2376,0.5422292135250553
2026-09-01 11:05:00,N01,0.5816,0.2285,0.6248766358250243
2026-09-01 11:10:00,N01,0.478,0.3065,0.567825897612992
2026-09-01 11:15:00,N01,0.5721,0.2282,0.6159331538405771
2026-09-01 11:20:00,N01,0.5582,0.3005,0.6339459677291117
2026-09-01 11:25:00,N01,0.4509,0.3231,0.5547111140043978
2026-09-01 11:30:00,N01,0.51,0.27,0.5770615218501404
2026-09-01 11:35:00,N01,0.5035,0.2807,0.5764587929765664
2026-09-01 11:40:00,N01,0.5057,0.3331,0.6055477685533983
2026-09-01 11:45:00,N01,0.5793,0.2381,0.6263226804132196
2026-09-01 11:50:00,N01,0.6067,0.2024,0.6395706763134158
2026-09-01 11:55:00,N01,0.4924,0.3294,0.5924205600753573
2026-09-01 12:00:00,N01,0.514,0.2689,0.5800889673144973
2026-09-01 12:05:00,N01,0.4896,0.2753,0.5616923090091229
2026-09-01 12:10:00,N01,0.4705,0.3425,0.5819591910091291
2026-09-01 12:15:00,N01,0.5179,0.2654,0.5819429267548494
2026-09-01 12:20:00,N01,0.545,0.3154,0.6296841748051162
2026-09-01 12:25:00,N01,0.5406,0.3315,0.6341455747697053
2026-09-01 12:30:00,N01,0.4586,0.272,0.5331959864815188
2026-09-01 12:35:00,N01,0.5374,0.3305,0.6308954033752346
2026-09-01 12:40:00,N01,0.499,0.3059,0.5852997608063752
2026-09-01 12:45:00,N01,0.5639,0.2704,0.6253793808561328
2026-09-01 12:50:00,N01,0.5274,0.2899,0.6018245342290393
2026-09-01 12:55:00,N01,0.4891,0.3549,0.604295308603335
2026-09-01 13:00:00,N01,0.5413,0.3407,0.639595325186168
2026-09-01 13:05:00,N01,0.5653,0.3011,0.6404883293238058
2026-09-01 13:10:00,N01,0.5341,0.2845,0.605147139132294
2026-09-01 13:15:00,N01,0.5162,0.2935,0.5938052626913978
2026-09-01 13:20:00,N01,0.5048,0.3298,0.6029851407787757
2026-09-01 13:25:00,N01,0.4591,0.4046,0.6119427832730769
2026-09-01 13:30:00,N01,0.4497,0.2393,0.5094061051852442
2026-09-01 13:35:00,N01,0.5579,0.3396,0.6531313573853271
2026-09-01 13:40:00,N01,0.5312,0.3314,0.626098554542334
2026-09-01 13:45:00,N01,0.4994,0.2551,0.5607819273122129
2026-09-01 13:50:00,N01,0.5038,0.2661,0.569757536150247
2026-09-01 13:55:00,N01,0.5488,0.2926,0.6219294172170987
2026-09-01 14:00:00,N01,0.4587,0.2839,0.5394487000633147
2026-09-01 14:05:00,N01,0.5206,0.2718,0.587281533848971
2026-09-01 14:10:00,N01,0.4589,0.3122,0.5550297739761354
2026-09-01 14:15:00,N01,0.5122,0.2747,0.5812133257247291
2026-09-01 14:20:00,N01,0.4764,0.3116,0.5692552327383561
2026-09-01 14:25:00,N01,0.4276,0.2296,0.48534309513992263
2026-09-01 14:30:00,N01,0.4641,0.2893,0.5468850884783749
2026-09-01 14:35:00,N01,0.5155,0.3738,0.6367626637924054
2026-09-01 14:40:00,N01,0.5429,0.292,0.6164449772688557
2026-09-01 14:45:00,N01,0.499,0.2499,0.5580779605037275
2026-09-01 14:50:00,N01,0.4991,0.2856,0.5750375379051353
2026-09-01 14:55:00,N01,0.5161,0.2586,0.5772635186810267
2026-09-01 15:00:00,N01,0.526,0.3766,0.6469185110970315
2026-09-01 15:05:00,N01,0.4946,0.3201,0.5891461363702557
2026-09-01 15:10:00,N01,0.5345,0.2799,0.6033525171904066
2026-09-01 15:15:00,N01,0.5112,0.3006,0.5930310278560473
2026-09-01 15:20:00,N01,0.5049,0.2613,0.5685083112848923
2026-09-01 15:25:00,N01,0.5012,0.3249,0.5972951113143318
2026-09-01 15:30:00,N01,0.5726,0.348,0.6700557887221034
2026-09-01 15:35:00,N01,0.6077,0.2616,0.6616145781344301
2026-09-01 15:40:00,N01,0.5436,0.3092,0.6253843618127974
2026-09-01 15:45:00,N01,0.6095,0.2596,0.6624820073028399
2026-09-01 15:50:00,N01,0.458,0.27,0.5316615464748227
2026-09-01 15:55:00,N01,0.3938,0.2737,0.47957286203454
2026-09-01 16:00:00,N01,0.462,0.3075,0.5549777022547843
2026-09-01 16:05:00,N01,0.5171,0.3938,0.6499775765362987
2026-09-01 16:10:00,N01,0.5475,0.2712,0.6109874712299754
2026-09-01 16:15:00,N01,0.4551,0.3246,0.5590001520572244
2026-09-01 16:20:00,N01,0.434,0.3916,0.5845567209433145
2026-09-01 16:25:00,N01,0.559,0.2765,0.6236451314650023
2026-09-01 16:30:00,N01,0.4143,0.3677,0.5539384261811054
2026-09-01 16:35:00,N01,0.4943,0.3619,0.6126206819884552
2026-09-01 16:40:00,N01,0.4203,0.27,0.49955188919670795
2026-09-01 16:45:00,N01,0.5003,0.3023,0.584538604371003
2026-09-01 16:50:00,N01,0.4775,0.3311,0.5810623546573982
2026-09-01 16:55:00,N01,0.4466,0.2929,0.5340804901885108
2026-09-01 17:00:00,N01,0.506,0.3257,0.6017611569385316
2026-09-01 17:05:00,N01,0.5356,0.2438,0.588477527183494
2026-09-01 17:10:00,N01,0.4233,0.3639,0.5582168933308987
2026-09-01 17:15:00,N01,0.5166,0.2626,0.579512139648515
2026-09-01 17:20:00,N01,0.5776,0.3058,0.6535559654689107
2026-09-01 17:25:00,N01,0.559,0.3034,0.6360287414889362
2026-09-01 17:30:00,N01,0.603,0.3878,0.7169364267492621
2026-09-01 17:35:00,N01,0.4876,0.3486,0.5993961294502993
2026-09-01 17:40:00,N01,0.5323,0.3684,0.6473498667644877
2026-09-01 17:45:00,N01,0.4518,0.3343,0.5620317873572632
2026-09-01 17:50:00,N01,0.5529,0.2121,0.5921864740096652
2026-09-01 17:55:00,N01,0.4408,0.198,0.48322731710862543
2026-09-01 18:00:00,N01,0.4865,0.3359,0.5911946041702343
2026-09-01 18:05:00,N01,0.5751,0.3037,0.6503642825371024
2026-09-01 18:10:00,N01,0.5814,0.231,0.6256092710310486
2026-09-01 18:15:00,N01,0.4148,0.2972,0.5102811773914456
2026-09-01 18:20:00,N01,0.5192,0.2984,0.5988415483247634
2026-09-01 18:25:00,N01,0.3966,0.2955,0.4945824602632002
2026-09-01 18:30:00,N01,0.4348,0.3335,0.5479719792106162
2026-09-01 18:35:00,N01,0.5183,0.253,0.5767528846915289
2026-09-01 18:40:00,N01,0.4743,0.247,0.5347611522913758
2026-09-01 18:45:00,N01,0.4969,0.3478,0.6065265451734162
2026-09-01 18:50:00,N01,0.4507,0.3252,0.5557747115513623
2026-09-01 18:55:00,N01,0.4735,0.2604,0.5403798756430517
2026-09-01 19:00:00,N01,0.4946,0.2482,0.5533826885619029
2026-09-01 19:05:00,N01,0.4723,0.2401,0.5298257260647127
2026-09-01 19:10:00,N01,0.5982,0.3018,0.670019760902617
2026-09-01 19:15:00,N01,0.465,0.3107,0.5592490411256867
2026-09-01 19:20:00,N01,0.4944,0.289,0.5726712494966025
2026-09-01 19:25:00,N01,0.5307,0.3379,0.6291413990511195
2026-09-01 19:30:00,N01,0.4735,0.2712,0.5456662807980717
2026-09-01 19:35:00,N01,0.4862,0.1849,0.5201715582382412
2026-09-01 19:40:00,N01,0.4242,0.3683,0.5617744476211072
2026-09-01 19:45:00,N01,0.5822,0.2875,0.6493174031242348
2026-09-01 19:50:00,N01,0.5288,0.3156,0.6158188045196412
2026-09-01 19:55:00,N01,0.6539,0.356,0.7445275078867134
2026-09-01 20:00:00,N01,0.4936,0.2522,0.5542975735108354
2026-09-01 20:05:00,N01,0.4197,0.3102,0.5218928338270223
2026-09-01 20:10:00,N01,0.4622,0.2289,0.515775193277071
2026-09-01 20:15:00,N01,0.4677,0.2459,0.5284033497244316
2026-09-01 20:20:00,N01,0.5844,0.3441,0.6781800424666005
2026-09-01 20:25:00,N01,0.4996,0.374,0.6240802512497892
2026-09-01 20:30:00,N01,0.5039,0.2569,0.5656083627387417
2026-09-01 20:35:00,N01,0.5762,0.3269,0.6624726786819213
2026-09-01 20:40:00,N01,0.4481,0.2905,0.5340260855051933
2026-09-01 20:45:00,N01,0.4562,0.2309,0.5113054370921554
2026-09-01 20:50:00,N01,0.5463,0.3955,0.6744360162387534
2026-09-01 20:55:00,N01,0.4301,0.3281,0.5409580575238713
2026-09-01 21:00:00,N01,0.4675,0.2756,0.5426892388835438
2026-09-01 21:05:00,N01,0.4704,0.2568,0.5359313388858689
2026-09-01 21:10:00,N01,0.5024,0.2585,0.5650026637105351
2026-09-01 21:15:00,N01,0.5135,0.2975,0.5934547160483266
2026-09-01 21:20:00,N01,0.4881,0.2546,0.5505113713630264
2026-09-01 21:25:00,N01,0.4712,0.3378,0.5797743354099075
2026-09-01 21:30:00,N01,0.525,0.2511,0.5819589418507117
2026-09-01 21:35:00,N01,0.505,0.3376,0.6074526812847236
2026-09-01 21:40:00,N01,0.4165,0.3272,0.5296528013708603
2026-09-01 21:45:00,N01,0.4669,0.3285,0.5708834031568968
2026-09-01 21:50:00,N01,0.4618,0.2098,0.5072231067291789
2026-09-01 21:55:00,N01,0.4186,0.3024,0.5164026723401032
2026-09-01 22:00:00,N01,0.513,0.2548,0.5727931913003157
2026-09-01 22:05:00,N01,0.5319,0.2169,0.5744242508808277
2026-09-01 22:10:00,N01,0.4967,0.2394,0.5513830338340127
2026-09-01 22:15:00,N01,0.4674,0.3024,0.5566942787563026
2026-09-01 22:20:00,N01,0.457,0.2808,0.5363745333253621
2026-09-01 22:25:00,N01,0.5503,0.2712,0.6134977832070789
2026-09-01 22:30:00,N01,0.5418,0.2435,0.5940029377031733
2026-09-01 22:35:00,N01,0.5265,0.3721,0.6447175040279269
2026-09-01 22:40:00,N01,0.3764,0.2602,0.45758168669648486
2026-09-01 22:45:00,N01,0.5289,0.2898,0.6030914109817848
2026-09-01 22:50:00,N01,0.5186,0.2698,0.5845836124969634
2026-09-01 22:55:00,N01,0.5043,0.2922,0.5828373100617358
2026-09-01 23:00:00,N01,0.5584,0.3127,0.639993632780827
2026-09-01 23:05:00,N01,0.5169,0.2794,0.5875797562884548
2026-09-01 23:10:00,N01,0.4756,0.2784,0.5510915713381942
2026-09-01 23:15:00,N01,0.5197,0.279,0.5898551432343369
2026-09-01 23:20:00,N01,0.5145,0.4038,0.6540372237113113
2026-09-01 23:25:00,N01,0.5436,0.2837,0.6131775028488896
2026-09-01 23:30:00,N01,0.5601,0.2796,0.6260097203718166
2026-09-01 23:35:00,N01,0.3981,0.2496,0.4698763347945925
2026-09-01 23:40:00,N01,0.4065,0.2824,0.4949666756459469
2026-09-01 23:45:00,N01,0.5009,0.3838,0.6310334777173078
2026-09-01 23:50:00,N01,0.5163,0.289,0.5916812401961041
2026-09-01 23:55:00,N01,0.5415,0.1894,0.5736676825480062
2026-09-01 00:00:00,N02,0.5118,0.3385,0.6136134695392532
2026-09-01 00:05:00,N02,0.4261,0.3572,0.5560153325224044
2026-09-01 00:10:00,N02,0.5169,0.2792,0.5874846806513341
2026-09-01 00:15:00,N02,0.5316,0.4135,0.6734840829596495
2026-09-01 00:20:00,N02,0.5091,0.3124,0.5973077682401259
2026-09-01 00:25:00,N02,0.477,0.2575,0.5420657247972795
2026-09-01 00:30:00,N02,0.5415,0.2572,0.5994781814211423
2026-09-01 00:35:00,N02,0.5036,0.2761,0.5743206160325434
2026-09-01 00:40:00,N02,0.5239,0.3167,0.6121846943529379
2026-09-01 00:45:00,N02,0.5519,0.2745,0.6163958630620423
2026-09-01 00:50:00,N02,0.4865,0.2511,0.547479186819006
2026-09-01 00:55:00,N02,0.4778,0.3189,0.5744476042251373
2026-09-01 01:00:00,N02,0.5378,0.2539,0.5947218257303156
2026-09-01 01:05:00,N02,0.5435,0.3678,0.6562538304650114
2026-09-01 01:10:00,N02,0.5207,0.3938,0.6528452573160044
2026-09-01 01:15:00,N02,0.4613,0.2378,0.5189860595430286
2026-09-01 01:20:00,N02,0.4111,0.3748,0.5563076936372533
2026-09-01 01:25:00,N02,0.5327,0.2972,0.6099976475364475
2026-09-01 01:30:00,N02,0.514,0.2437,0.5688459281738774
2026-09-01 01:35:00,N02,0.6223,0.3065,0.693685476278695
2026-09-01 01:40:00,N02,0.5055,0.3363,0.6071473791428239
2026-09-01 01:45:00,N02,0.5241,0.3112,0.6095295316881701
2026-09-01 01:50:00,N02,0.4605,0.3236,0.5628296456300077
2026-09-01 01:55:00,N02,0.5941,0.3673,0.6984726909478995
2026-09-01 02:00:00,N02,0.5797,0.2744,0.6413637423490667
2026-09-01 02:05:00,N02,0.4505,0.2937,0.5377824281249807
2026-09-01 02:10:00,N02,0.5028,0.3547,0.6153209975289321
2026-09-01 02:15:00,N02,0.4154,0.3765,0.5606330439779661
2026-09-01 02:20:00,N02,0.4921,0.2787,0.5655405378927314
2026-09-01 02:25:00,N02,0.4494,0.2173,0.4991789759194592
2026-09-01 02:30:00,N02,0.5412,0.3037,0.6205893408688229
2026-09-01 02:35:00,N02,0.4355,0.2352,0.49495382612926636
2026-09-01 02:40:00,N02,0.4832,0.3835,0.6168909871281959
2026-09-01 02:45:00,N02,0.487,0.2248,0.5363804992726712
2026-09-01 02:50:00,N02,0.4877,0.2864,0.5655760337920976
2026-09-01 02:55:00,N02,0.3652,0.2973,0.47091223173750757
2026-09-01 03:00:00,N02,0.4885,0.3348,0.5922189544416828
2026-09-01 03:05:00,N02,0.5924,0.3563,0.6912940401883991
2026-09-01 03:10:00,N02,0.4866,0.2447,0.5446628773837997
2026-09-01 03:15:00,N02,0.6287,0.303,0.6979059320567493
2026-09-01 03:20:00,N02,0.5007,0.2988,0.5830796943814799
2026-09-01 03:25:00,N02,0.5099,0.2928,0.587987967563963
2026-09-01 03:30:00,N02,0.4713,0.2727,0.5445080164699139
2026-09-01 03:35:00,N02,0.4984,0.2728,0.5681746210453262
2026-09-01 03:40:00,N02,0.4644,0.3053,0.5557656430546962
2026-09-01 03:45:00,N02,0.4873,0.3752,0.6150092113131315
2026-09-01 03:50:00,N02,0.3675,0.3546,0.5106832775801455
2026-09-01 03:55:00,N02,0.5623,0.1963,0.5955795328921235
2026-09-01 04:00:00,N02,0.4829,0.2814,0.5589081946080232
2026-09-01 04:05:00,N02,0.4296,0.2611,0.5027219609287026
2026-09-01 04:10:00,N02,0.4445,0.3876,0.5897575857926712
2026-09-01 04:15:00,N02,0.5468,0.3636,0.6566545514956855
2026-09-01 04:20:00,N02,0.5361,0.2435,0.5888085087700414
2026-09-01 04:25:00,N02,0.4738,0.3245,0.5742705721173601
2026-09-01 04:30:00,N02,0.4389,0.3356,0.5525039094884306
2026-09-01 04:35:00,N02,0.488,0.2813,0.563270530029754
2026-09-01 04:40:00,N02,0.5355,0.3222,0.6249584706202485
2026-09-01 04:45:00,N02,0.482,0.358,0.6004065289451805
2026-09-01 04:50:00,N02,0.4459,0.3308,0.555207573795603
2026-09-01 04:55:00,N02,0.5297,0.2845,0.6012672783380116
2026-09-01 05:00:00,N02,0.5163,0.2374,0.5682644190867487
2026-09-01 05:05:00,N02,0.5462,0.2908,0.6187883967884337
2026-09-01 05:10:00,N02,0.4739,0.3525,0.5906246354496228
2026-09-01 05:15:00,N02,0.4648,0.2296,0.5184160491342836
2026-09-01 05:20:00,N02,0.4222,0.3303,0.5360512382226161
2026-09-01 05:25:00,N02,0.436,0.3877,0.5834443332486827
2026-09-01 05:30:00,N02,0.3959,0.3848,0.5520940590153095
2026-09-01 05:35:00,N02,0.5106,0.2952,0.5897926754377338
2026-09-01 05:40:00,N02,0.4728,0.32,0.5709114116918665
2026-09-01 05:45:00,N02,0.4981,0.3552,0.6117766340748885
2026-09-01 05:50:00,N02,0.5057,0.3075,0.5918519578408101
2026-09-01 05:55:00,N02,0.4818,0.2972,0.5660910527468174
2026-09-01 06:00:00,N02,0.5154,0.2145,0.5582538938511759
2026-09-01 06:05:00,N02,0.4326,0.3372,0.5484948495656089
2026-09-01 06:10:00,N02,0.5085,0.2908,0.5857788746617617
2026-09-01 06:15:00,N02,0.5009,0.3174,0.5929954215674856
2026-09-01 06:20:00,N02,0.473,0.2611,0.540279751610219
2026-09-01 06:25:00,N02,0.5098,0.2511,0.5682844798162273
2026-09-01 06:30:00,N02,0.5204,0.2149,0.5630259052654683
2026-09-01 06:35:00,N02,0.5515,0.3236,0.6394288154282696
2026-09-01 06:40:00,N02,0.5128,0.3491,0.6203504251630687
2026-09-01 06:45:00,N02,0.5833,0.3507,0.6806095650224143
2026-09-01 06:50:00,N02,0.408,0.236,0.4713385195377097
2026-09-01 06:55:00,N02,0.4688,0.3013,0.5572747347583595
2026-09-01 07:00:00,N02,0.5259,0.2637,0.5883098673318339
2026-09-01 07:05:00,N02,0.5093,0.2622,0.5728309785617394
2026-09-01 07:10:00,N02,0.4694,0.2297,0.5225882222170721
2026-09-01 07:15:00,N02,0.4538,0.2324,0.5098472320215145
2026-09-01 07:20:00,N02,0.4512,0.3527,0.5726942727145087
2026-09-01 07:25:00,N02,0.4525,0.4316,0.6253277620576269
2026-09-01 07:30:00,N02,0.5247,0.3092,0.6090276923096355
2026-09-01 07:35:00,N02,0.4571,0.335,0.5667145754257605
2026-09-01 07:40:00,N02,0.4712,0.3061,0.5618955863859406
2026-09-01 07:45:00,N02,0.628,0.2952,0.6939214941187511
2026-09-01 07:50:00,N02,0.5575,0.2648,0.6171914532784782
2026-09-01 07:55:00,N02,0.4983,0.3885,0.6318505677769073
2026-09-01 08:00:00,N02,0.4687,0.3906,0.6101213403905817
2026-09-01 08:05:00,N02,0.5354,0.2719,0.6004854452857288
2026-09-01 08:10:00,N02,0.5316,0.3486,0.6357047427855167
2026-09-01 08:15:00,N02,0.5311,0.2215,0.5754384936724342
2026-09-01 08:20:00,N02,0.4636,0.2876,0.5455627553270109
2026-09-01 08:25:00,N02,0.4963,0.331,0.596552336346108
2026-09-01 08:30:00,N02,0.5089,0.2332,0.5597869684085188
2026-09-01 08:35:00,N02,0.519,0.3305,0.6152976921783472
2026-09-01 08:40:00,N02,0.528,0.354,0.6356886030125127
2026-09-01 08:45:00,N02,0.5417,0.323,0.6306884254526953
2026-09-01 08:50:00,N02,0.4965,0.217,0.5418498408230826
2026-09-01 08:55:00,N02,0.5215,0.3104,0.6068858294605337
2026-09-01 09:00:00,N02,0.5136,0.2362,0.5653100034494347
2026-09-01 09:05:00,N02,0.4459,0.3527,0.5685280116229983
2026-09-01 09:10:00,N02,0.498,0.3341,0.5996889276950176
2026-09-01 09:15:00,N02,0.5014,0.3015,0.5850676969377133
2026-09-01 09:20:00,N02,0.5469,0.2742,0.6117885664181704
2026-09-01 09:25:00,N02,0.5048,0.2769,0.5757574576156179
2026-09-01 09:30:00,N02,0.4783,0.2845,0.556516971888549
2026-09-01 09:35:00,N02,0.5111,0.2761,0.580908271588553
2026-09-01 09:40:00,N02,0.5628,0.2553,0.6179983252404492
2026-09-01 09:45:00,N02,0.4907,0.278,0.5639773842983423
2026-09-01 09:50:00,N02,0.5723,0.3098,0.6507713346483541
2026-09-01 09:55:00,N02,0.5516,0.2257,0.5959891358070212
2026-09-01 10:00:00,N02,0.5134,0.3445,0.6182716312430969
2026-09-01 10:05:00,N02,0.5041,0.3533,0.6155791581916984
2026-09-01 10:10:00,N02,0.4741,0.3705,0.601698479306704
2026-09-01 10:15:00,N02,0.6149,0.2819,0.676438925550563
2026-09-01 10:20:00,N02,0.4777,0.3727,0.6058899074914518
2026-09-01 10:25:00,N02,0.579,0.2739,0.6405171426277364
2026-09-01 10:30:00,N02,0.479,0.2859,0.5578349307814991
2026-09-01 10:35:00,N02,0.4328,0.2541,0.5018791189121141
2026-09-01 10:40:00,N02,0.4498,0.2616,0.520340849828264
2026-09-01 10:45:00,N02,0.4983,0.3117,0.5877582666368887
2026-09-01 10:50:00,N02,0.5775,0.2501,0.6293300088189026
2026-09-01 10:55:00,N02,0.5492,0.2893,0.6207375693479492
2026-09-01 11:00:00,N02,0.4975,0.3337,0.599050865953802
2026-09-01 11:05:00,N02,0.4439,0.3191,0.5466918876295861
2026-09-01 11:10:00,N02,0.5083,0.3246,0.6031036809703618
2026-09-01 11:15:00,N02,0.5145,0.4228,0.6659354998796805
2026-09-01 11:20:00,N02,0.4681,0.2735,0.5421437632215278
2026-09-01 11:25:00,N02,0.4688,0.2722,0.5420943460321275
2026-09-01 11:30:00,N02,0.4681,0.3595,0.590218484969761
2026-09-01 11:35:00,N02,0.571,0.2715,0.6322604289373169
2026-09-01 11:40:00,N02,0.4584,0.3236,0.5611127515927614
2026-09-01 11:45:00,N02,0.4724,0.3316,0.5771657647504744
2026-09-01 11:50:00,N02,0.5101,0.2242,0.557196240116532
2026-09-01 11:55:00,N02,0.5774,0.3898,0.6966597447821999
2026-09-01 12:00:00,N02,0.4694,0.2806,0.5468754154284136
2026-09-01 12:05:00,N02,0.5143,0.3167,0.603989552889783
2026-09-01 12:10:00,N02,0.5329,0.4005,0.6666203267227906
2026-09-01 12:15:00,N02,0.4912,0.2601,0.5558142225600206
2026-09-01 12:20:00,N02,0.431,0.2635,0.5051665566919489
2026-09-01 12:25:00,N02,0.4983,0.3897,0.6325891083475909
2026-09-01 12:30:00,N02,0.4741,0.3112,0.5671122023021546
2026-09-01 12:35:00,N02,0.4992,0.3594,0.6151170620296594
2026-09-01 12:40:00,N02,0.6263,0.2735,0.6834134473362373
2026-09-01 12:45:00,N02,0.4755,0.3522,0.5917305890352467
2026-09-01 12:50:00,N02,0.5341,0.3923,0.6626930662078788
2026-09-01 12:55:00,N02,0.5292,0.282,0.599647096215766
2026-09-01 13:00:00,N02,0.5295,0.3554,0.6377142071492526
2026-09-01 13:05:00,N02,0.541,0.3254,0.6313209643279717
2026-09-01 13:10:00,N02,0.5533,0.3585,0.6592898755479262
2026-09-01 13:15:00,N02,0.5691,0.3324,0.6590634036266921
2026-09-01 13:20:00,N02,0.4916,0.3073,0.579744642062348
2026-09-01 13:25:00,N02,0.5603,0.2592,0.6173497631003029
2026-09-01 13:30:00,N02,0.5184,0.2803,0.589327285979531
2026-09-01 13:35:00,N02,0.5014,0.3639,0.6195362539835744
2026-09-01 13:40:00,N02,0.5096,0.3023,0.5925178900252718
2026-09-01 13:45:00,N02,0.432,0.3373,0.5480832874664214
2026-09-01 13:50:00,N02,0.5323,0.4082,0.6707984272491998
2026-09-01 13:55:00,N02,0.4846,0.311,0.5758108717278617
2026-09-01 14:00:00,N02,0.5125,0.3789,0.6373550501878839
2026-09-01 14:05:00,N02,0.4952,0.314,0.586360844531761
2026-09-01 14:10:00,N02,0.5304,0.3093,0.613995643307019
2026-09-01 14:15:00,N02,0.4777,0.3097,0.5693078077806416
2026-09-01 14:20:00,N02,0.5537,0.2487,0.6069887807859384
2026-09-01 14:25:00,N02,0.5066,0.265,0.5717241992429567
2026-09-01 14:30:00,N02,0.5598,0.2238,0.602878495221052
2026-09-01 14:35:00,N02,0.4721,0.3189,0.5697153850827622
2026-09-01 14:40:00,N02,0.5783,0.2967,0.6499705993350776
2026-09-01 14:45:00,N02,0.4722,0.3941,0.6150509328502802
2026-09-01 14:50:00,N02,0.4276,0.1901,0.467952743340607
2026-09-01 14:55:00,N02,0.522,0.2749,0.5899610241363408
2026-09-01 15:00:00,N02,0.4489,0.3354,0.5603609283310178
2026-09-01 15:05:00,N02,0.5122,0.2718,0.5798483249954249
2026-09-01 15:10:00,N02,0.436,0.3436,0.5551188701530511
2026-09-01 15:15:00,N02,0.5325,0.295,0.6087538500904943
2026-09-01 15:20:00,N02,0.5923,0.2465,0.6415462103387409
2026-09-01 15:25:00,N02,0.4237,0.2654,0.49995884830653814
2026-09-01 15:30:00,N02,0.4977,0.3122,0.5875152168242113
2026-09-01 15:35:00,N02,0.4879,0.3176,0.5821650710923836
2026-09-01 15:40:00,N02,0.4374,0.3722,0.5743270845084707
2026-09-01 15:45:00,N02,0.4959,0.3559,0.6103946428336343
2026-09-01 15:50:00,N02,0.5171,0.3228,0.609583669400682
2026-09-01 15:55:00,N02,0.5285,0.3224,0.6190751246819727
2026-09-01 16:00:00,N02,0.5321,0.3665,0.6461057653356763
2026-09-01 16:05:00,N02,0.5098,0.3355,0.6102919711089112
2026-09-01 16:10:00,N02,0.4955,0.372,0.6196000726274974
2026-09-01 16:15:00,N02,0.4662,0.39,0.6078177687432311
2026-09-01 16:20:00,N02,0.498,0.2285,0.5479199302817885
2026-09-01 16:25:00,N02,0.5064,0.2659,0.5719648328350266
2026-09-01 16:30:00,N02,0.542,0.2674,0.6043730305035128
2026-09-01 16:35:00,N02,0.4777,0.2055,0.5200264800950044
2026-09-01 16:40:00,N02,0.4774,0.1788,0.5097844642591612
2026-09-01 16:45:00,N02,0.4208,0.338,0.5397375658595573
2026-09-01 16:50:00,N02,0.5393,0.3213,0.6277564655182772
2026-09-01 16:55:00,N02,0.4517,0.2976,0.5409238855883515
2026-09-01 17:00:00,N02,0.4998,0.2421,0.5553489443584098
2026-09-01 17:05:00,N02,0.5752,0.3439,0.6701658376849718
2026-09-01 17:10:00,N02,0.489,0.3013,0.574371560925504
2026-09-01 17:15:00,N02,0.5104,0.1979,0.5474235745745701
2026-09-01 17:20:00,N02,0.4876,0.2659,0.5553886657107795
2026-09-01 17:25:00,N02,0.4499,0.2859,0.5330561133689399
2026-09-01 17:30:00,N02,0.5899,0.332,0.6769091593411926
2026-09-01 17:35:00,N02,0.4714,0.3286,0.5746267658228252
2026-09-01 17:40:00,N02,0.57,0.3462,0.6668991228064406
2026-09-01 17:45:00,N02,0.503,0.2677,0.5698002193751771
2026-09-01 17:50:00,N02,0.5349,0.3197,0.623158166118362
2026-09-01 17:55:00,N02,0.5448,0.3318,0.6378857891503775
2026-09-01 18:00:00,N02,0.5525,0.2732,0.6163558144448708
2026-09-01 18:05:00,N02,0.5659,0.3099,0.6451982796009301
2026-09-01 18:10:00,N02,0.6038,0.2655,0.659594337452953
2026-09-01 18:15:00,N02,0.5868,0.3099,0.6636054927439947
2026-09-01 18:20:00,N02,0.4674,0.2758,0.542704707921352
2026-09-01 18:25:00,N02,0.484,0.3212,0.5808833273558469
2026-09-01 18:30:00,N02,0.5261,0.2713,0.5919331887975197
2026-09-01 18:35:00,N02,0.4988,0.4071,0.6438414789371683
2026-09-01 18:40:00,N02,0.5864,0.3218,0.6688947600332955
2026-09-01 18:45:00,N02,0.5019,0.306,0.5878261732859469
2026-09-01 18:50:00,N02,0.5307,0.2489,0.5861686617348286
2026-09-01 18:55:00,N02,0.4871,0.2166,0.5330872067495148
2026-09-01 19:00:00,N02,0.52,0.3324,0.6171626689941639
2026-09-01 19:05:00,N02,0.4758,0.3787,0.6081112809346657
2026-09-01 19:10:00,N02,0.4387,0.2268,0.4938582083958917
2026-09-01 19:15:00,N02,0.5112,0.3524,0.6208954823478746
2026-09-01 19:20:00,N02,0.5842,0.2771,0.6465864598025542
2026-09-01 19:25:00,N02,0.5539,0.2981,0.6290221140786705
2026-09-01 19:30:00,N02,0.4914,0.3442,0.5999563317442362
2026-09-01 19:35:00,N02,0.5326,0.2212,0.5767080717312703
2026-09-01 19:40:00,N02,0.5738,0.369,0.6822077689384665
2026-09-01 19:45:00,N02,0.4687,0.3198,0.5674079044215017
2026-09-01 19:50:00,N02,0.5247,0.313,0.6109657028017204
2026-09-01 19:55:00,N02,0.4725,0.2664,0.5424253036133179
2026-09-01 20:00:00,N02,0.4987,0.3586,0.614243966189331
2026-09-01 20:05:00,N02,0.5272,0.2815,0.5976471283290835
2026-09-01 20:10:00,N02,0.5386,0.1576,0.5611842121799222
2026-09-01 20:15:00,N02,0.5574,0.213,0.5967107842162734
2026-09-01 20:20:00,N02,0.4819,0.244,0.5401514694972143
2026-09-01 20:25:00,N02,0.4353,0.358,0.5636045510816959
2026-09-01 20:30:00,N02,0.4766,0.3173,0.5725616560685846
2026-09-01 20:35:00,N02,0.4977,0.3239,0.5938152069457299
2026-09-01 20:40:00,N02,0.5038,0.2359,0.5562942117261332
2026-09-01 20:45:00,N02,0.5498,0.2753,0.6148740765392536
2026-09-01 20:50:00,N02,0.4222,0.2786,0.5058367325531036
2026-09-01 20:55:00,N02,0.575,0.3425,0.6692766617774745
2026-09-01 21:00:00,N02,0.4826,0.2825,0.5592039073540169
2026-09-01 21:05:00,N02,0.4839,0.4038,0.6302488794119352
2026-09-01 21:10:00,N02,0.5191,0.3215,0.610595659991127
2026-09-01 21:15:00,N02,0.5515,0.3119,0.6335880838525927
2026-09-01 21:20:00,N02,0.487,0.2902,0.56690831710251
2026-09-01 21:25:00,N02,0.4964,0.2981,0.5790307159382825
2026-09-01 21:30:00,N02,0.5364,0.3026,0.6158666414086738
2026-09-01 21:35:00,N02,0.5366,0.296,0.6128258806545298
2026-09-01 21:40:00,N02,0.5039,0.2001,0.542176373516958
2026-09-01 21:45:00,N02,0.5458,0.3173,0.6313294940045174
2026-09-01 21:50:00,N02,0.5499,0.1552,0.5713817025421798
2026-09-01 21:55:00,N02,0.6044,0.293,0.6716757848843444
2026-09-01 22:00:00,N02,0.5554,0.248,0.6082541902856075
2026-09-01 22:05:00,N02,0.5306,0.2473,0.5854004185171036
2026-09-01 22:10:00,N02,0.4688,0.3957,0.6134752888258825
2026-09-01 22:15:00,N02,0.4905,0.3109,0.5807314870058279
2026-09-01 22:20:00,N02,0.5435,0.3248,0.6331566077993658
2026-09-01 22:25:00,N02,0.5075,0.3182,0.5990054173377732
2026-09-01 22:30:00,N02,0.6202,0.2971,0.6876892103268742
2026-09-01 22:35:00,N02,0.5101,0.3525,0.6200469820908735
2026-09-01 22:40:00,N02,0.5553,0.3594,0.6614578217845791
2026-09-01 22:45:00,N02,0.5319,0.2428,0.5846960321397777
2026-09-01 22:50:00,N02,0.5817,0.2427,0.63030007139457
2026-09-01 22:55:00,N02,0.5151,0.2623,0.5780391855229193
2026-09-01 23:00:00,N02,0.4968,0.3164,0.5889984719844357
2026-09-01 23:05:00,N02,0.5161,0.3211,0.6078358495515052
2026-09-01 23:10:00,N02,0.5807,0.3227,0.6643401086792818
2026-09-01 23:15:00,N02,0.4878,0.3482,0.5993263551688679
2026-09-01 23:20:00,N02,0.5595,0.2386,0.6082517653077548
2026-09-01 23:25:00,N02,0.5299,0.3351,0.6269657247409941
2026-09-01 23:30:00,N02,0.4851,0.3688,0.609372997432607
2026-09-01 23:35:00,N02,0.4925,0.3063,0.5799792582498102
2026-09-01 23:40:00,N02,0.4913,0.3008,0.5760697266824564
2026-09-01 23:45:00,N02,0.4452,0.228,0.5001870050291191
2026-09-01 23:50:00,N02,0.5797,0.2577,0.6343984394684463
2026-09-01 23:55:00,N02,0.4504,0.1923,0.4897340604858927
2026-09-01 00:00:00,N03,0.4681,0.2338,0.5232399545141789
2026-09-01 00:05:00,N03,0.5851,0.3525,0.6830799806757624
2026-09-01 00:10:00,N03,0.4716,0.4166,0.6292552105465636
2026-09-01 00:15:00,N03,0.5581,0.2898,0.628855826084167
2026-09-01 00:20:00,N03,0.387,0.4225,0.5729530958115158
2026-09-01 00:25:00,N03,0.4455,0.2277,0.5003174392323337
2026-09-01 00:30:00,N03,0.5691,0.434,0.7157030180179486
2026-09-01 00:35:00,N03,0.5902,0.3422,0.6822293456016092
2026-09-01 00:40:00,N03,0.5537,0.3587,0.6597343253158805
2026-09-01 00:45:00,N03,0.5649,0.3321,0.6552880435350549
2026-09-01 00:50:00,N03,0.5352,0.3169,0.6219844451431241
2026-09-01 00:55:00,N03,0.4953,0.308,0.5832547385148277
2026-09-01 01:00:00,N03,0.4514,0.3191,0.5527990321988634
2026-09-01 01:05:00,N03,0.4896,0.2708,0.5595004915100611
2026-09-01 01:10:00,N03,0.551,0.3976,0.6794753564331822
2026-09-01 01:15:00,N03,0.5909,0.2515,0.642195499828518
2026-09-01 01:20:00,N03,0.4985,0.379,0.626213422085474
2026-09-01 01:25:00,N03,0.5019,0.3228,0.5967440406070261
2026-09-01 01:30:00,N03,0.5815,0.2876,0.648734159729546
2026-09-01 01:35:00,N03,0.5623,0.2713,0.6243276223266114
2026-09-01 01:40:00,N03,0.5299,0.356,0.6383807719535418
2026-09-01 01:45:00,N03,0.4834,0.364,0.6051211118445629
2026-09-01 01:50:00,N03,0.565,0.3716,0.6762481497202044
2026-09-01 01:55:00,N03,0.5802,0.4142,0.7128770440966662
2026-09-01 02:00:00,N03,0.5783,0.3265,0.6641032600431954
2026-09-01 02:05:00,N03,0.5811,0.3772,0.6927893258415576
2026-09-01 02:10:00,N03,0.5804,0.354,0.6798383337235405
2026-09-01 02:15:00,N03,0.5459,0.3209,0.6332326744570278
2026-09-01 02:20:00,N03,0.5139,0.4435,0.6788118001331445
2026-09-01 02:25:00,N03,0.5248,0.3234,0.6164435091717652
2026-09-01 02:30:00,N03,0.5541,0.4047,0.686155157380603
2026-09-01 02:35:00,N03,0.5783,0.4244,0.7173187924486574
2026-09-01 02:40:00,N03,0.5623,0.3779,0.6774877858677602
2026-09-01 02:45:00,N03,0.5572,0.4733,0.7310846257445167
2026-09-01 02:50:00,N03,0.5426,0.3835,0.6644448886100336
2026-09-01 02:55:00,N03,0.6367,0.3907,0.747016318429524
2026-09-01 03:00:00,N03,0.5987,0.3655,0.7014498841684985
2026-09-01 03:05:00,N03,0.6132,0.3666,0.7144297026300068
2026-09-01 03:10:00,N03,0.6622,0.4865,0.8217001216989078
2026-09-01 03:15:00,N03,0.5891,0.3095,0.66545402545931
2026-09-01 03:20:00,N03,0.6156,0.509,0.7987767898480777
2026-09-01 03:25:00,N03,0.5828,0.464,0.7449508977107149
2026-09-01 03:30:00,N03,0.7099,0.3563,0.794296984760738
2026-09-01 03:35:00,N03,0.6574,0.4674,0.8066210510518554
2026-09-01 03:40:00,N03,0.613,0.3778,0.7200707187492073
2026-09-01 03:45:00,N03,0.6059,0.3393,0.6944345181512798
2026-09-01 03:50:00,N03,0.6055,0.3308,0.6899702095018306
2026-09-01 03:55:00,N03,0.6427,0.3555,0.7344682021707952
2026-09-01 04:00:00,N03,0.6557,0.3182,0.7288303849319127
2026-09-01 04:05:00,N03,0.6635,0.4397,0.7959700622510874
2026-09-01 04:10:00,N03,0.5503,0.4187,0.6914765216549293
2026-09-01 04:15:00,N03,0.7144,0.3415,0.7918267550417831
2026-09-01 04:20:00,N03,0.7396,0.425,0.8530141616643888
2026-09-01 04:25:00,N03,0.6237,0.4032,0.7426788875415808
2026-09-01 04:30:00,N03,0.6899,0.4118,0.8034558170801926
2026-09-01 04:35:00,N03,0.6919,0.364,0.7818066321028493
2026-09-01 04:40:00,N03,0.6765,0.3413,0.7577189056635713
2026-09-01 04:45:00,N03,0.6654,0.3688,0.760769741774737
2026-09-01 04:50:00,N03,0.6372,0.4778,0.7964400040178795
2026-09-01 04:55:00,N03,0.7316,0.4485,0.8581321634806611
2026-09-01 05:00:00,N03,0.6254,0.4042,0.7446494477269153
2026-09-01 05:05:00,N03,0.7437,0.4291,0.8586131259187691
2026-09-01 05:10:00,N03,0.802,0.4437,0.9165553393003611
2026-09-01 05:15:00,N03,0.6986,0.4105,0.8102790938929623
2026-09-01 05:20:00,N03,0.6987,0.4204,0.8154249505625886
2026-09-01 05:25:00,N03,0.7304,0.4778,0.8727983730507294
2026-09-01 05:30:00,N03,0.6587,0.3654,0.7532614751864056
2026-09-01 05:35:00,N03,0.6092,0.4594,0.7630026212274765
2026-09-01 05:40:00,N03,0.6488,0.3284,0.7271781074812416
2026-09-01 05:45:00,N03,0.7264,0.5626,0.9187903569367716
2026-09-01 05:50:00,N03,0.7097,0.4819,0.8578471309038691
2026-09-01 05:55:00,N03,0.7171,0.4371,0.8398147533831494
2026-09-01 06:00:00,N03,0.762,0.4295,0.8747080941662768
2026-09-01 06:05:00,N03,0.7324,0.4621,0.8659943244617716
2026-09-01 06:10:00,N03,0.6886,0.4976,0.84957384611345
2026-09-01 06:15:00,N03,0.7163,0.4122,0.8264348310665518
2026-09-01 06:20:00,N03,0.7548,0.4071,0.8575858266086258
2026-09-01 06:25:00,N03,0.7324,0.4535,0.8614360161962118
2026-09-01 06:30:00,N03,0.7883,0.4797,0.9227832789989208
2026-09-01 06:35:00,N03,0.7357,0.4989,0.8889070255094174
2026-09-01 06:40:00,N03,0.8095,0.4879,0.9451648850861949
2026-09-01 06:45:00,N03,0.7435,0.3964,0.8425705964487487
2026-09-01 06:50:00,N03,0.6927,0.4487,0.8253271957230053
2026-09-01 06:55:00,N03,0.7185,0.4567,0.8513619324353185
2026-09-01 07:00:00,N03,0.7548,0.4945,0.9023598450729067
2026-09-01 07:05:00,N03,0.7515,0.4943,0.8994913785023179
2026-09-01 07:10:00,N03,0.7612,0.3732,0.8477639294048785
2026-09-01 07:15:00,N03,0.714,0.4668,0.8530523078920776
2026-09-01 07:20:00,N03,0.7035,0.506,0.866572703239607
2026-09-01 07:25:00,N03,0.8435,0.5389,1.0009522765846532
2026-09-01 07:30:00,N03,0.7593,0.5545,0.9402163261718018
2026-09-01 07:35:00,N03,0.7804,0.4651,0.9084834450885717
2026-09-01 07:40:00,N03,0.7453,0.4689,0.8805335314455662
2026-09-01 07:45:00,N03,0.7596,0.4945,0.9063787343048159
2026-09-01 07:50:00,N03,0.79,0.4882,0.9286760683898343
2026-09-01 07:55:00,N03,0.8068,0.5495,0.976153927411041
2026-09-01 08:00:00,N03,0.8355,0.4178,0.9341397593508158
2026-09-01 08:05:00,N03,0.6633,0.5407,0.8557589497048804
2026-09-01 08:10:00,N03,0.7257,0.4848,0.872737950360817
2026-09-01 08:15:00,N03,0.7385,0.4079,0.843661460539712
2026-09-01 08:20:00,N03,0.8271,0.538,0.986680500466083
2026-09-01 08:25:00,N03,0.7742,0.3724,0.8591084914025702
2026-09-01 08:30:00,N03,0.7787,0.5236,0.9383659467393304
2026-09-01 08:35:00,N03,0.7351,0.5152,0.8976653329610095
2026-09-01 08:40:00,N03,0.8112,0.537,0.9728383421720178
2026-09-01 08:45:00,N03,0.821,0.4613,0.941721131758229
2026-09-01 08:50:00,N03,0.8778,0.5041,1.0122497962459662
2026-09-01 08:55:00,N03,0.8196,0.4673,0.943458239669356
2026-09-01 09:00:00,N03,0.8018,0.4718,0.9303109587659386
2026-09-01 09:05:00,N03,0.8184,0.6036,1.0169127396192852
2026-09-01 09:10:00,N03,0.7614,0.4393,0.8790417794394075
2026-09-01 09:15:00,N03,0.9066,0.5115,1.0409398685803133
2026-09-01 09:20:00,N03,0.8025,0.576,0.9878169111733206
2026-09-01 09:25:00,N03,0.8087,0.6173,1.0173765183057843
2026-09-01 09:30:00,N03,0.8759,0.5036,1.010353289696233
2026-09-01 09:35:00,N03,0.9529,0.4997,1.0759732803373883
2026-09-01 09:40:00,N03,0.8851,0.547,1.0404859489680771
2026-09-01 09:45:00,N03,0.9161,0.6121,1.1017738515684605
2026-09-01 09:50:00,N03,0.8556,0.4983,0.9901284007642646
2026-09-01 09:55:00,N03,0.88,0.5041,1.01415817799789
2026-09-01 10:00:00,N03,0.9607,0.5468,1.1054115658884704
2026-09-01 10:05:00,N03,0.8447,0.5512,1.0086325049293228
2026-09-01 10:10:00,N03,0.7986,0.4954,0.9397782291583477
2026-09-01 10:15:00,N03,0.929,0.5132,1.0613271126283357
2026-09-01 10:20:00,N03,0.8197,0.5748,1.0011509027114744
2026-09-01 10:25:00,N03,0.9343,0.5859,1.1028124500566723
2026-09-01 10:30:00,N03,0.9278,0.5142,1.060761273802923
2026-09-01 10:35:00,N03,0.8099,0.6291,1.0255266061882549
2026-09-01 10:40:00,N03,0.8679,0.5435,1.0240325483108434
2026-09-01 10:45:00,N03,0.9534,0.5858,1.11898757812587
2026-09-01 10:50:00,N03,0.9128,0.6683,1.1312951560048332
2026-09-01 10:55:00,N03,0.8608,0.6084,1.05410018499192
2026-09-01 11:00:00,N03,0.8989,0.5774,1.0683688361235553
2026-09-01 11:05:00,N03,0.9754,0.5914,1.1406836195895864
2026-09-01 11:10:00,N03,0.9289,0.6216,1.117694846548019
2026-09-01 11:15:00,N03,0.8868,0.528,1.0320844151521715
2026-09-01 11:20:00,N03,0.8558,0.4737,0.9781540420608607
2026-09-01 11:25:00,N03,1.0138,0.5188,1.1388344392404015
2026-09-01 11:30:00,N03,0.9029,0.5622,1.0636245813255727
2026-09-01 11:35:00,N03,0.9324,0.6188,1.1190546009913904
2026-09-01 11:40:00,N03,0.963,0.5508,1.109391562974949
2026-09-01 11:45:00,N03,0.9146,0.5961,1.0917089218285247
2026-09-01 11:50:00,N03,0.9136,0.6644,1.1296425629374982
2026-09-01 11:55:00,N03,0.9535,0.6227,1.1388228747263553
2026-09-01 12:00:00,N03,0.9651,0.6467,1.1617396007711882
2026-09-01 12:05:00,N03,0.9441,0.5252,1.0803517251339954
2026-09-01 12:10:00,N03,0.958,0.5594,1.1093657467219726
2026-09-01 12:15:00,N03,0.9146,0.6233,1.106795396629386
2026-09-01 12:20:00,N03,1.0059,0.5971,1.1697705843454946
2026-09-01 12:25:00,N03,0.9624,0.6831,1.1801861590444112
2026-09-01 12:30:00,N03,0.962,0.7301,1.2076795974098427
2026-09-01 12:35:00,N03,0.9813,0.514,1.1077660809033647
2026-09-01 12:40:00,N03,0.9937,0.6231,1.1728995268137847
2026-09-01 12:45:00,N03,1.0235,0.6397,1.206966586115788
2026-09-01 12:50:00,N03,0.9551,0.5468,1.1005481588735677
2026-09-01 12:55:00,N03,0.9545,0.5675,1.1104622911202342
2026-09-01 13:00:00,N03,0.939,0.6414,1.1371521270261071
2026-09-01 13:05:00,N03,1.0545,0.6337,1.2302625492145975
2026-09-01 13:10:00,N03,0.9142,0.6382,1.1149264011583904
2026-09-01 13:15:00,N03,1.0368,0.5875,1.1916838884536451
2026-09-01 13:20:00,N03,0.9733,0.6207,1.1543748871142339
2026-09-01 13:25:00,N03,0.9438,0.6544,1.1484762949229732
2026-09-01 13:30:00,N03,0.98,0.645,1.173211404649648
2026-09-01 13:35:00,N03,0.9446,0.6041,1.1212519654386341
2026-09-01 13:40:00,N03,1.0281,0.6094,1.1951393098714476
2026-09-01 13:45:00,N03,1.0813,0.61,1.2414949415925947
2026-09-01 13:50:00,N03,1.0092,0.6786,1.2161342853484562
2026-09-01 13:55:00,N03,0.9301,0.546,1.078518432851289
2026-09-01 14:00:00,N03,0.9277,0.6991,1.1616230455702916
2026-09-01 14:05:00,N03,0.9794,0.7659,1.2433129815135047
2026-09-01 14:10:00,N03,0.9818,0.6492,1.1770267116765023
2026-09-01 14:15:00,N03,1.0901,0.7423,1.3188355849005593
2026-09-01 14:20:00,N03,1.1191,0.7044,1.3223328514409676
2026-09-01 14:25:00,N03,1.0702,0.6756,1.2656079171686625
2026-09-01 14:30:00,N03,1.0609,0.6204,1.2289853416538374
2026-09-01 14:35:00,N03,0.9841,0.6498,1.1792764094986383
2026-09-01 14:40:00,N03,1.0195,0.6293,1.1980812743716514
2026-09-01 14:45:00,N03,1.0658,0.7018,1.276108490685647
2026-09-01 14:50:00,N03,1.0384,0.7299,1.2692630026909315
2026-09-01 14:55:00,N03,0.9799,0.6483,1.1749454880972139
2026-09-01 15:00:00,N03,1.0042,0.5667,1.1530683110726787
2026-09-01 15:05:00,N03,1.0389,0.6559,1.2286244422116954
2026-09-01 15:10:00,N03,1.1217,0.6955,1.3198223895661112
2026-09-01 15:15:00,N03,0.9978,0.7587,1.253487347363347
2026-09-01 15:20:00,N03,1.1131,0.6971,1.313369719462117
2026-09-01 15:25:00,N03,1.0437,0.622,1.214987115158017
2026-09-01 15:30:00,N03,1.0394,0.7264,1.268073073604199
2026-09-01 15:35:00,N03,1.1552,0.7512,1.3779653406381454
2026-09-01 15:40:00,N03,1.0396,0.62,1.2104413079534257
2026-09-01 15:45:00,N03,1.074,0.5896,1.225195559900541
2026-09-01 15:50:00,N03,1.0862,0.6726,1.2775841263885521
2026-09-01 15:55:00,N03,1.0497,0.6023,1.2102212111841373
2026-09-01 16:00:00,N03,1.1017,0.6574,1.2829332211771585
2026-09-01 16:05:00,N03,1.0205,0.5424,1.1556894089676515
2026-09-01 16:10:00,N03,1.0806,0.7766,1.3307155669037618
2026-09-01 16:15:00,N03,1.1681,0.6671,1.3451691417810623
2026-09-01 16:20:00,N03,1.0579,0.7154,1.2770863596483992
2026-09-01 16:25:00,N03,1.0411,0.7091,1.2596475776978258
2026-09-01 16:30:00,N03,1.1323,0.7573,1.3622065115099107
2026-09-01 16:35:00,N03,1.092,0.6878,1.2905552448461863
2026-09-01 16:40:00,N03,1.0561,0.6587,1.244681846899038
2026-09-01 16:45:00,N03,1.0917,0.7204,1.3079698199882135
2026-09-01 16:50:00,N03,1.1517,0.6638,1.3293018205057872
2026-09-01 16:55:00,N03,1.1836,0.6924,1.3712500574293516
2026-09-01 17:00:00,N03,1.1109,0.6706,1.2976144149939148
2026-09-01 17:05:00,N03,0.9938,0.7542,1.2475800896134885
2026-09-01 17:10:00,N03,1.1548,0.6979,1.3493062847255992
2026-09-01 17:15:00,N03,1.1243,0.7398,1.345865717670229
2026-09-01 17:20:00,N03,1.0459,0.6895,1.2527238562428673
2026-09-01 17:25:00,N03,1.1667,0.6553,1.3381356358755268
2026-09-01 17:30:00,N03,1.1447,0.6522,1.3174607887903154
2026-09-01 17:35:00,N03,1.1563,0.7202,1.3622473086778333
2026-09-01 17:40:00,N03,1.0552,0.7822,1.313500620479488
2026-09-01 17:45:00,N03,1.1023,0.6855,1.2980660769005559
2026-09-01 17:50:00,N03,1.152,0.7854,1.3942586417160914
2026-09-01 17:55:00,N03,1.0942,0.7331,1.317083615417032
2026-09-01 18:00:00,N03,1.1694,0.7667,1.3983294497363632
2026-09-01 18:05:00,N03,1.1598,0.7156,1.362798370999907
2026-09-01 18:10:00,N03,1.1126,0.7403,1.3363842448936607
2026-09-01 18:15:00,N03,1.1034,0.5919,1.2521330480424193
2026-09-01 18:20:00,N03,1.1818,0.7852,1.4188693667846946
2026-09-01 18:25:00,N03,1.0449,0.6915,1.2529917238353971
2026-09-01 18:30:00,N03,1.197,0.8469,1.4663044056402477
2026-09-01 18:35:00,N03,1.17,0.7096,1.3683684299193692
2026-09-01 18:40:00,N03,1.1629,0.8167,1.421033180471167
2026-09-01 18:45:00,N03,1.1427,0.71,1.3453115958765836
2026-09-01 18:50:00,N03,1.1539,0.7043,1.351859349192807
2026-09-01 18:55:00,N03,1.1871,0.8352,1.4514700995886896
2026-09-01 19:00:00,N03,1.2002,0.7434,1.4117802945217786
2026-09-01 19:05:00,N03,1.1724,0.6798,1.3552305338945105
2026-09-01 19:10:00,N03,1.2342,0.7561,1.4473896676430988
2026-09-01 19:15:00,N03,1.184,0.9217,1.5004622254492113
2026-09-01 19:20:00,N03,1.2109,0.7264,1.4120679055909457
2026-09-01 19:25:00,N03,1.1777,0.8234,1.4369985560187595
2026-09-01 19:30:00,N03,1.2077,0.6961,1.3939492458479255
2026-09-01 19:35:00,N03,1.251,0.7366,1.451750860168507
2026-09-01 19:40:00,N03,1.3017,0.826,1.541654594907692
2026-09-01 19:45:00,N03,1.1886,0.8381,1.4543663809370733
2026-09-01 19:50:00,N03,1.2174,0.8186,1.4670271708458573
2026-09-01 19:55:00,N03,1.2412,0.7357,1.4428554778632545
2026-09-01 20:00:00,N03,1.1878,0.8315,1.4499176149009294
2026-09-01 20:05:00,N03,1.2063,0.7618,1.426709125925814
2026-09-01 20:10:00,N03,1.1782,0.8052,1.4270607134946993
2026-09-01 20:15:00,N03,1.3321,0.7326,1.520260888795078
2026-09-01 20:20:00,N03,1.2332,0.8586,1.5026563812129505
2026-09-01 20:25:00,N03,1.231,0.8126,1.4750185625950611
2026-09-01 20:30:00,N03,1.1849,0.8134,1.4372221714126179
2026-09-01 20:35:00,N03,1.2316,0.8433,1.4926464584756833
2026-09-01 20:40:00,N03,1.3034,0.9255,1.598562419800991
2026-09-01 20:45:00,N03,1.276,0.8143,1.5136910153660819
2026-09-01 20:50:00,N03,1.2597,0.7823,1.482847726504647
2026-09-01 20:55:00,N03,1.2699,0.7872,1.4940983401369536
2026-09-01 21:00:00,N03,1.2644,0.8699,1.5347421184029584
2026-09-01 21:05:00,N03,1.2087,0.863,1.4851682362614682
2026-09-01 21:10:00,N03,1.3279,0.8021,1.5513487099939847
2026-09-01 21:15:00,N03,1.1589,0.7796,1.3967195029783182
2026-09-01 21:20:00,N03,1.3328,0.8109,1.5601008460993795
2026-09-01 21:25:00,N03,1.221,0.7888,1.4536321542948891
2026-09-01 21:30:00,N03,1.316,0.8433,1.5630134004543914
2026-09-01 21:35:00,N03,1.2651,0.7997,1.4966623199639923
2026-09-01 21:40:00,N03,1.2604,0.7739,1.4790298746137618
2026-09-01 21:45:00,N03,1.3638,0.8059,1.584116551898881
2026-09-01 21:50:00,N03,1.3469,0.9001,1.6199751911680624
2026-09-01 21:55:00,N03,1.3389,0.8044,1.5619579283706715
2026-09-01 22:00:00,N03,1.3122,0.8268,1.5509568272521321
2026-09-01 22:05:00,N03,1.2498,0.8462,1.5093225235184162
2026-09-01 22:10:00,N03,1.239,0.8914,1.5263403814352814
2026-09-01 22:15:00,N03,1.2778,0.8441,1.5314299363666626
2026-09-01 22:20:00,N03,1.3182,0.8231,1.5540736308167642
2026-09-01 22:25:00,N03,1.3363,0.8143,1.5648585175663645
2026-09-01 22:30:00,N03,1.3536,0.7727,1.5586206241417442
2026-09-01 22:35:00,N03,1.3193,0.9389,1.6192855523347325
2026-09-01 22:40:00,N03,1.266,0.8101,1.5030029973356673
2026-09-01 22:45:00,N03,1.3447,0.855,1.5935002635707343
2026-09-01 22:50:00,N03,1.3395,0.8725,1.5985982922548116
2026-09-01 22:55:00,N03,1.3567,0.9055,1.6311238886117756
2026-09-01 23:00:00,N03,1.3485,0.8399,1.5886737424657085
2026-09-01 23:05:00,N03,1.3646,0.949,1.6621474543493426
2026-09-01 23:10:00,N03,1.3274,0.8073,1.5536164423692225
2026-09-01 23:15:00,N03,1.3924,0.852,1.6323852976549378
2026-09-01 23:20:00,N03,1.2314,0.9024,1.5266537655932337
2026-09-01 23:25:00,N03,1.3162,0.8575,1.5708878667810762
2026-09-01 23:30:00,N03,1.3626,0.8735,1.6185428662843626
2026-09-01 23:35:00,N03,1.3845,0.8442,1.6215775929630996
2026-09-01 23:40:00,N03,1.3777,0.855,1.6214445072218784
2026-09-01 23:45:00,N03,1.3919,0.9008,1.657958458466315
2026-09-01 23:50:00,N03,1.3112,0.9263,1.6053900242620172
2026-09-01 23:55:00,N03,1.3342,0.9144,1.6174724108929959
2026-09-01 00:00:00,N04,0.5184,0.3919,0.649864732078915
2026-09-01 00:05:00,N04,0.4888,0.2825,0.564563273690381
2026-09-01 00:10:00,N04,0.499,0.2848,0.5745537746808387
2026-09-01 00:15:00,N04,0.54,0.2192,0.5827938228910805
2026-09-01 00:20:00,N04,0.4473,0.2466,0.5107727968480702
2026-09-01 00:25:00,N04,0.5475,0.3855,0.6696017473095481
2026-09-01 00:30:00,N04,0.4948,0.2916,0.5743323079890248
2026-09-01 00:35:00,N04,0.5035,0.3581,0.6178574754747246
2026-09-01 00:40:00,N04,0.4536,0.3119,0.5504857582172312
2026-09-01 00:45:00,N04,0.5488,0.3251,0.6378647583931879
2026-09-01 00:50:00,N04,0.5095,0.3501,0.6181911193150545
2026-09-01 00:55:00,N04,0.3648,0.3339,0.4945384211565366
2026-09-01 01:00:00,N04,0.4673,0.2085,0.5117045436577635
2026-09-01 01:05:00,N04,0.5256,0.3687,0.642024181787571
2026-09-01 01:10:00,N04,0.4931,0.3476,0.6033020553586735
2026-09-01 01:15:00,N04,0.5806,0.3657,0.6861726094795682
2026-09-01 01:20:00,N04,0.582,0.3371,0.67257743792072
2026-09-01 01:25:00,N04,0.5038,0.2199,0.5497003274512396
2026-09-01 01:30:00,N04,0.4877,0.2578,0.5516449310924555
2026-09-01 01:35:00,N04,0.6085,0.2912,0.6745885338485973
2026-09-01 01:40:00,N04,0.5062,0.3276,0.602959534297286
2026-09-01 01:45:00,N04,0.5022,0.3848,0.6326735967305732
2026-09-01 01:50:00,N04,0.4689,0.3097,0.561944214313129
2026-09-01 01:55:00,N04,0.4629,0.234,0.5186833427053543
2026-09-01 02:00:00,N04,0.4694,0.2981,0.556057524002688
2026-09-01 02:05:00,N04,0.4785,0.2654,0.5471740216786611
2026-09-01 02:10:00,N04,0.4297,0.2958,0.521670135238735
2026-09-01 02:15:00,N04,0.4248,0.338,0.5428618977235371
2026-09-01 02:20:00,N04,0.5041,0.2271,0.5528934978818253
2026-09-01 02:25:00,N04,0.4845,0.2624,0.5509936569507856
2026-09-01 02:30:00,N04,0.516,0.367,0.6332021794024402
2026-09-01 02:35:00,N04,0.4062,0.3058,0.5084408323492519
2026-09-01 02:40:00,N04,0.492,0.3336,0.5944349922405309
2026-09-01 02:45:00,N04,0.5107,0.2624,0.5741674407348436
2026-09-01 02:50:00,N04,0.484,0.2602,0.5495089080260664
2026-09-01 02:55:00,N04,0.5538,0.3011,0.6303615232547113
2026-09-01 03:00:00,N04,0.5951,0.297,0.6650962411561202
2026-09-01 03:05:00,N04,0.4646,0.2243,0.5159105058050282
2026-09-01 03:10:00,N04,0.4098,0.2208,0.46549831363819144
2026-09-01 03:15:00,N04,0.5134,0.3254,0.6078360963286074
2026-09-01 03:20:00,N04,0.4209,0.3448,0.5440991178085111
2026-09-01 03:25:00,N04,0.4758,0.3073,0.5664088011321858
2026-09-01 03:30:00,N04,0.5806,0.3448,0.6752654292942887
2026-09-01 03:35:00,N04,0.4866,0.2554,0.5495532003364187
2026-09-01 03:40:00,N04,0.3924,0.264,0.4729416031604748
2026-09-01 03:45:00,N04,0.4894,0.2506,0.5498297190949212
2026-09-01 03:50:00,N04,0.4934,0.3038,0.5794290293038484
2026-09-01 03:55:00,N04,0.4888,0.2675,0.5572088387669385
2026-09-01 04:00:00,N04,0.5084,0.3221,0.6018463009772511
2026-09-01 04:05:00,N04,0.4455,0.3705,0.579431186595958
2026-09-01 04:10:00,N04,0.4951,0.3009,0.5793658774902091
2026-09-01 04:15:00,N04,0.5354,0.3117,0.6195240511876838
2026-09-01 04:20:00,N04,0.5477,0.3144,0.6315240692166847
2026-09-01 04:25:00,N04,0.4694,0.3181,0.5670308369039553
2026-09-01 04:30:00,N04,0.4428,0.3054,0.5379042665753824
2026-09-01 04:35:00,N04,0.4983,0.2896,0.5763428233265336
2026-09-01 04:40:00,N04,0.4936,0.2059,0.5348231202930553
2026-09-01 04:45:00,N04,0.4726,0.3046,0.5622560982328249
2026-09-01 04:50:00,N04,0.508,0.2486,0.5655669367988196
2026-09-01 04:55:00,N04,0.5633,0.2567,0.619032939349757
2026-09-01 05:00:00,N04,0.5485,0.3214,0.6357280943925634
2026-09-01 05:05:00,N04,0.4677,0.3888,0.6082012249247777
2026-09-01 05:10:00,N04,0.4403,0.346,0.5599822229321213
2026-09-01 05:15:00,N04,0.55,0.2665,0.6111646668451965
2026-09-01 05:20:00,N04,0.5696,0.2875,0.6380442069324037
2026-09-01 05:25:00,N04,0.5144,0.313,0.602143139128895
2026-09-01 05:30:00,N04,0.4933,0.3405,0.5994039873073919
2026-09-01 05:35:00,N04,0.5397,0.2126,0.5800645222731692
2026-09-01 05:40:00,N04,0.5652,0.2169,0.6053896678999403
2026-09-01 05:45:00,N04,0.5516,0.3563,0.6566675338403749
2026-09-01 05:50:00,N04,0.4455,0.2795,0.5259187199558503
2026-09-01 05:55:00,N04,0.4447,0.2893,0.5305210457653872
2026-09-01 06:00:00,N04,0.4846,0.339,0.5914035508855184
2026-09-01 06:05:00,N04,0.5655,0.3698,0.6756791324289955
2026-09-01 06:10:00,N04,0.4719,0.2895,0.553624294987133
2026-09-01 06:15:00,N04,0.4158,0.2597,0.4902384419851222
2026-09-01 06:20:00,N04,0.5482,0.3808,0.6674817450687323
2026-09-01 06:25:00,N04,0.4383,0.2704,0.5149981067926367
2026-09-01 06:30:00,N04,0.4987,0.314,0.5893196840425406
2026-09-01 06:35:00,N04,0.4595,0.3212,0.5606332936956206
2026-09-01 06:40:00,N04,0.4763,0.2993,0.5625319368711433
2026-09-01 06:45:00,N04,0.5273,0.3003,0.6068157710541149
2026-09-01 06:50:00,N04,0.4782,0.2945,0.5616097310410495
2026-09-01 06:55:00,N04,0.4956,0.2815,0.5699663235665771
2026-09-01 07:00:00,N04,0.4871,0.3799,0.6177300543117519
2026-09-01 07:05:00,N04,0.528,0.2852,0.6001025245739265
2026-09-01 07:10:00,N04,0.5348,0.2833,0.6052023876357396
2026-09-01 07:15:00,N04,0.5587,0.3185,0.6431080313602062
2026-09-01 07:20:00,N04,0.4946,0.3224,0.5903989498635647
2026-09-01 07:25:00,N04,0.4215,0.2437,0.48687980036144446
2026-09-01 07:30:00,N04,0.4403,0.3071,0.5368188707562356
2026-09-01 07:35:00,N04,0.5866,0.4116,0.7165989952546683
2026-09-01 07:40:00,N04,0.5319,0.325,0.6233318618520957
2026-09-01 07:45:00,N04,0.4099,0.2729,0.49243519370573013
2026-09-01 07:50:00,N04,0.4606,0.269,0.5333979377537937
2026-09-01 07:55:00,N04,0.4916,0.2764,0.5639747512078886
2026-09-01 08:00:00,N04,0.401,0.3374,0.5240608361631309
2026-09-01 08:05:00,N04,0.4464,0.312,0.5446255227218056
2026-09-01 08:10:00,N04,0.6037,0.254,0.6549577772650692
2026-09-01 08:15:00,N04,0.3735,0.2857,0.4702411509002588
2026-09-01 08:20:00,N04,0.555,0.3979,0.6828978034816044
2026-09-01 08:25:00,N04,0.4385,0.3248,0.545689737854763
2026-09-01 08:30:00,N04,0.4767,0.2947,0.560438203551471
2026-09-01 08:35:00,N04,0.6322,0.2249,0.6710118106263108
2026-09-01 08:40:00,N04,0.5127,0.3234,0.6061755933720856
2026-09-01 08:45:00,N04,0.5543,0.3049,0.6326235057283282
2026-09-01 08:50:00,N04,0.5154,0.2804,0.5867378631041293
2026-09-01 08:55:00,N04,0.5135,0.2828,0.5862235836265886
2026-09-01 09:00:00,N04,0.5311,0.2815,0.6010902261724108
2026-09-01 09:05:00,N04,0.5189,0.2985,0.598631322267721
2026-09-01 09:10:00,N04,0.5563,0.2974,0.6308061905213043
2026-09-01 09:15:00,N04,0.4113,0.3631,0.5486431444937593
2026-09-01 09:20:00,N04,0.4547,0.2673,0.5274479879571066
2026-09-01 09:25:00,N04,0.4702,0.3687,0.5975179746250318
2026-09-01 09:30:00,N04,0.3932,0.4569,0.6027966904355067
2026-09-01 09:35:00,N04,0.5528,0.3112,0.6343762921169106
2026-09-01 09:40:00,N04,0.4973,0.3143,0.5882956569617015
2026-09-01 09:45:00,N04,0.5261,0.3323,0.6222575833206053
2026-09-01 09:50:00,N04,0.5278,0.3045,0.6093382394040276
2026-09-01 09:55:00,N04,0.4901,0.2924,0.5706976169566507
2026-09-01 10:00:00,N04,0.4903,0.3567,0.606324154227753
2026-09-01 10:05:00,N04,0.5297,0.153,0.5513538700326678
2026-09-01 10:10:00,N04,0.5328,0.3097,0.6162709874722321
2026-09-01 10:15:00,N04,0.4991,0.2806,0.5725706681275247
2026-09-01 10:20:00,N04,0.5562,0.3474,0.6557783162014432
2026-09-01 10:25:00,N04,0.4614,0.3204,0.5617349196907737
2026-09-01 10:30:00,N04,0.4514,0.231,0.5070729336101465
2026-09-01 10:35:00,N04,0.4687,0.3431,0.5808591051193052
2026-09-01 10:40:00,N04,0.5477,0.3257,0.6372250622817656
2026-09-01 10:45:00,N04,0.5363,0.3258,0.627505641408904
2026-09-01 10:50:00,N04,0.4679,0.3216,0.5677648897210886
2026-09-01 10:55:00,N04,0.54,0.3377,0.636899748783119
2026-09-01 11:00:00,N04,0.5594,0.3354,0.6522434514811168
2026-09-01 11:05:00,N04,0.5176,0.3535,0.6267950302929978
2026-09-01 11:10:00,N04,0.4987,0.2559,0.560523416103199
2026-09-01 11:15:00,N04,0.4918,0.2628,0.5576119439179904
2026-09-01 11:20:00,N04,0.4662,0.2928,0.5505218251804374
2026-09-01 11:25:00,N04,0.4604,0.2846,0.5412627088577228
2026-09-01 11:30:00,N04,0.4053,0.3107,0.5106883394008522
2026-09-01 11:35:00,N04,0.5001,0.2591,0.5632342496688212
2026-09-01 11:40:00,N04,0.533,0.3469,0.6359470182334375
2026-09-01 11:45:00,N04,0.4196,0.2619,0.4946268997941782
2026-09-01 11:50:00,N04,0.4615,0.253,0.5262995819872937
2026-09-01 11:55:00,N04,0.5415,0.2903,0.6144073078992469
2026-09-01 12:00:00,N04,0.4868,0.1998,0.5262074495861875
2026-09-01 12:05:00,N04,0.5318,0.238,0.5826278743760892
2026-09-01 12:10:00,N04,0.503,0.3139,0.5929099510043663
2026-09-01 12:15:00,N04,0.568,0.2346,0.6145414225257724
2026-09-01 12:20:00,N04,0.349,0.3092,0.46626777714099005
2026-09-01 12:25:00,N04,0.59,0.3619,0.6921499909701654
2026-09-01 12:30:00,N04,0.5105,0.2754,0.5800477652745504
2026-09-01 12:35:00,N04,0.5404,0.2513,0.5959730279131766
2026-09-01 12:40:00,N04,0.5238,0.3253,0.6165926775432871
2026-09-01 12:45:00,N04,0.553,0.438,0.7054452494701484
2026-09-01 12:50:00,N04,0.5196,0.2746,0.5876983239724272
2026-09-01 12:55:00,N04,0.4987,0.2115,0.5416954310311284
2026-09-01 13:00:00,N04,0.4653,0.2795,0.5427930913340736
2026-09-01 13:05:00,N04,0.4738,0.3076,0.5648930872297873
2026-09-01 13:10:00,N04,0.4589,0.3561,0.5808583476201405
2026-09-01 13:15:00,N04,0.5,0.2995,0.5828380993037432
2026-09-01 13:20:00,N04,0.4836,0.3078,0.5732449738113715
2026-09-01 13:25:00,N04,0.5413,0.2566,0.5990402741051724
2026-09-01 13:30:00,N04,0.4671,0.2848,0.5470771883381723
2026-09-01 13:35:00,N04,0.4327,0.259,0.5042918698531634
2026-09-01 13:40:00,N04,0.4762,0.3437,0.5872785795514766
2026-09-01 13:45:00,N04,0.5131,0.3097,0.5993210325026145
2026-09-01 13:50:00,N04,0.5425,0.2931,0.616614839263539
2026-09-01 13:55:00,N04,0.5195,0.2948,0.597316741771064
2026-09-01 14:00:00,N04,0.5133,0.2709,0.580399603721436
2026-09-01 14:05:00,N04,0.3781,0.2933,0.478523249173956
2026-09-01 14:10:00,N04,0.5711,0.3463,0.6678913833850532
2026-09-01 14:15:00,N04,0.5483,0.3618,0.6569110518175196
2026-09-01 14:20:00,N04,0.5044,0.3099,0.5919944003113543
2026-09-01 14:25:00,N04,0.4691,0.2842,0.5484746575731645
2026-09-01 14:30:00,N04,0.5308,0.3602,0.6414769520411471
2026-09-01 14:35:00,N04,0.493,0.2775,0.5657342574035976
2026-09-01 14:40:00,N04,0.5,0.3301,0.5991377220639675
2026-09-01 14:45:00,N04,0.4278,0.1852,0.4661672232150176
2026-09-01 14:50:00,N04,0.4725,0.239,0.5295066099681853
2026-09-01 14:55:00,N04,0.4746,0.2926,0.5575481324513607
2026-09-01 15:00:00,N04,0.4773,0.3726,0.6055130469279749
2026-09-01 15:05:00,N04,0.5163,0.315,0.604806324371695
2026-09-01 15:10:00,N04,0.5311,0.2431,0.5840931603776919
2026-09-01 15:15:00,N04,0.552,0.2962,0.6264490721519189
2026-09-01 15:20:00,N04,0.5335,0.2464,0.5876522866457681
2026-09-01 15:25:00,N04,0.4223,0.3409,0.5427247000091299
2026-09-01 15:30:00,N04,0.5188,0.2549,0.5780375852831717
2026-09-01 15:35:00,N04,0.4565,0.3563,0.5790871609697457
2026-09-01 15:40:00,N04,0.4405,0.3821,0.5831300541045711
2026-09-01 15:45:00,N04,0.455,0.3319,0.5631896749763795
2026-09-01 15:50:00,N04,0.4836,0.3302,0.5855774927368709
2026-09-01 15:55:00,N04,0.4728,0.2919,0.5556486749736743
2026-09-01 16:00:00,N04,0.502,0.2499,0.5607619905093426
2026-09-01 16:05:00,N04,0.537,0.2743,0.6030004063016874
2026-09-01 16:10:00,N04,0.4886,0.2503,0.5489809195227099
2026-09-01 16:15:00,N04,0.3719,0.2904,0.47184930857213303
2026-09-01 16:20:00,N04,0.6206,0.3392,0.7072488953685259
2026-09-01 16:25:00,N04,0.499,0.2869,0.5755976111833683
2026-09-01 16:30:00,N04,0.5011,0.3274,0.5985749493588919
2026-09-01 16:35:00,N04,0.441,0.3557,0.5665716989049135
2026-09-01 16:40:00,N04,0.5358,0.3359,0.6323847325797802
2026-09-01 16:45:00,N04,0.5219,0.301,0.6024787216159588
2026-09-01 16:50:00,N04,0.5336,0.3296,0.6271882651963444
2026-09-01 16:55:00,N04,0.4823,0.2713,0.5533687558942951
2026-09-01 17:00:00,N04,0.5051,0.3775,0.630580890925185
2026-09-01 17:05:00,N04,0.438,0.2266,0.49314456298331016
2026-09-01 17:10:00,N04,0.5082,0.3025,0.591416511436737
2026-09-01 17:15:00,N04,0.5087,0.3122,0.5968622370363198
2026-09-01 17:20:00,N04,0.4888,0.3745,0.6157724336148866
2026-09-01 17:25:00,N04,0.42,0.2586,0.4932281013892051
2026-09-01 17:30:00,N04,0.4948,0.2178,0.540614354230444
2026-09-01 17:35:00,N04,0.4912,0.3831,0.6229310154423201
2026-09-01 17:40:00,N04,0.501,0.3115,0.5899434294913368
2026-09-01 17:45:00,N04,0.437,0.2692,0.5132617655738639
2026-09-01 17:50:00,N04,0.4812,0.2841,0.5588078829078917
2026-09-01 17:55:00,N04,0.5641,0.3279,0.6524777544100642
2026-09-01 18:00:00,N04,0.4444,0.3123,0.5431598751748882
2026-09-01 18:05:00,N04,0.5249,0.357,0.6347984010691898
2026-09-01 18:10:00,N04,0.579,0.2492,0.6303504104861041
2026-09-01 18:15:00,N04,0.4595,0.2371,0.5170654310626461
2026-09-01 18:20:00,N04,0.4883,0.3233,0.5856276803567263
2026-09-01 18:25:00,N04,0.5494,0.2962,0.6241592745445669
2026-09-01 18:30:00,N04,0.484,0.3076,0.5734751607524078
2026-09-01 18:35:00,N04,0.4582,0.4045,0.6112016770264951
2026-09-01 18:40:00,N04,0.4196,0.3092,0.521218572194046
2026-09-01 18:45:00,N04,0.6012,0.3003,0.6720279235269915
2026-09-01 18:50:00,N04,0.4905,0.2821,0.5658362483970075
2026-09-01 18:55:00,N04,0.491,0.3686,0.6139600638478043
2026-09-01 19:00:00,N04,0.3894,0.3767,0.5417889349183869
2026-09-01 19:05:00,N04,0.4288,0.2867,0.515816178497728
2026-09-01 19:10:00,N04,0.4785,0.3294,0.5809187636838734
2026-09-01 19:15:00,N04,0.4201,0.3231,0.5299788863719006
2026-09-01 19:20:00,N04,0.6012,0.2318,0.6443389480700356
2026-09-01 19:25:00,N04,0.5095,0.2669,0.5751746343502988
2026-09-01 19:30:00,N04,0.5213,0.301,0.601959043457277
2026-09-01 19:35:00,N04,0.4679,0.3244,0.5693555743118706
2026-09-01 19:40:00,N04,0.5902,0.2905,0.6578193445012087
2026-09-01 19:45:00,N04,0.536,0.2353,0.5853734619881568
2026-09-01 19:50:00,N04,0.4522,0.3236,0.556059169513461
2026-09-01 19:55:00,N04,0.5742,0.3178,0.6562792698234495
2026-09-01 20:00:00,N04,0.4843,0.3,0.56968981911212
2026-09-01 20:05:00,N04,0.5175,0.3802,0.6421512983713418
2026-09-01 20:10:00,N04,0.7041,0.3774,0.7988664281342657
2026-09-01 20:15:00,N04,0.7165,0.4633,0.8532403764473409
2026-09-01 20:20:00,N04,0.7982,0.4967,0.9401245289853892
2026-09-01 20:25:00,N04,1.005,0.5376,1.1397538155233347
2026-09-01 20:30:00,N04,0.9621,0.5676,1.1170524472915315
2026-09-01 20:35:00,N04,1.0972,0.6409,1.2706693708435723
2026-09-01 20:40:00,N04,1.1075,0.7661,1.3466497168900307
2026-09-01 20:45:00,N04,1.291,0.72,1.4782019483142348
2026-09-01 20:50:00,N04,1.2067,0.8504,1.476246947498961
2026-09-01 20:55:00,N04,1.3458,0.8895,1.6131918329820543
2026-09-01 21:00:00,N04,1.3615,0.9446,1.6570912497505983
2026-09-01 21:05:00,N04,1.4794,0.9865,1.778146959618355
2026-09-01 21:10:00,N04,1.6207,0.9523,1.8797722681218596
2026-09-01 21:15:00,N04,1.6796,1.0843,1.999190498676902
2026-09-01 21:20:00,N04,1.7853,1.1292,2.1124366807078503
2026-09-01 21:25:00,N04,1.9588,1.0718,2.232857514486762
2026-09-01 21:30:00,N04,2.0209,1.2052,2.3529861559303744
2026-09-01 21:35:00,N04,1.9751,1.1835,2.3025403926967276
2026-09-01 21:40:00,N04,2.0905,1.3461,2.486398089606731
2026-09-01 21:45:00,N04,2.1736,1.4256,2.5993984534888064
2026-09-01 21:50:00,N04,2.1874,1.3994,2.5967362438260837
2026-09-01 21:55:00,N04,2.2774,1.4682,2.709642411832233
2026-09-01 22:00:00,N04,2.4643,1.479,2.8740590616756645
2026-09-01 22:05:00,N04,2.3698,1.5599,2.8371182650710915
2026-09-01 22:10:00,N04,2.6018,1.6202,3.065030388103844
2026-09-01 22:15:00,N04,2.7218,1.5964,3.1554220319950863
2026-09-01 22:20:00,N04,2.774,1.7596,3.2850065692476176
2026-09-01 22:25:00,N04,2.7311,1.766,3.252331964913791
2026-09-01 22:30:00,N04,2.8748,1.7959,3.389650697343312
2026-09-01 22:35:00,N04,2.9974,1.8256,3.509590021640704
2026-09-01 22:40:00,N04,3.0262,1.9017,3.574122176143395
2026-09-01 22:45:00,N04,3.0856,1.8957,3.6214093734346027
2026-09-01 22:50:00,N04,3.254,1.9426,3.789750751698586
2026-09-01 22:55:00,N04,3.3333,2.0731,3.9253831023226256
2026-09-01 23:00:00,N04,3.2937,2.0661,3.888088077706059
2026-09-01 23:05:00,N04,3.5197,2.1009,4.09903267857186
2026-09-01 23:10:00,N04,3.5168,2.2231,4.16053552442471
2026-09-01 23:15:00,N04,3.6592,2.2374,4.289021263645122
2026-09-01 23:20:00,N04,3.6701,2.3711,4.369410626160009
2026-09-01 23:25:00,N04,3.8669,2.3989,4.550564450702791
2026-09-01 23:30:00,N04,3.8643,2.3596,4.527750727458392
2026-09-01 23:35:00,N04,3.8985,2.4761,4.618373464760077
2026-09-01 23:40:00,N04,4.0409,2.5701,4.788975550156839
2026-09-01 23:45:00,N04,4.1325,2.4748,4.816865297057828
2026-09-01 23:50:00,N04,4.2326,2.5501,4.941448448582662
2026-09-01 23:55:00,N04,4.2408,2.6625,5.007323725304766
2026-09-01 00:00:00,N05,0.5998,0.4555,0.7531535633587615
2026-09-01 00:05:00,N05,0.5303,0.2908,0.6047997437168768
2026-09-01 00:10:00,N05,0.5267,0.3444,0.6293045764969455
2026-09-01 00:15:00,N05,0.484,0.3898,0.6214499497143756
2026-09-01 00:20:00,N05,0.5115,0.3249,0.605963909816418
2026-09-01 00:25:00,N05,0.5333,0.3211,0.6225063051889514
2026-09-01 00:30:00,N05,0.5419,0.2691,0.6050375360256586
2026-09-01 00:35:00,N05,0.4721,0.245,0.5318866514587484
2026-09-01 00:40:00,N05,0.522,0.3389,0.622364210089237
2026-09-01 00:45:00,N05,0.5229,0.3837,0.648575438942919
2026-09-01 00:50:00,N05,0.4997,0.3334,0.6007126184790861
2026-09-01 00:55:00,N05,0.4454,0.2806,0.5264195285131432
2026-09-01 01:00:00,N05,0.5348,0.3425,0.6350726651336838
2026-09-01 01:05:00,N05,0.4853,0.2964,0.5686554756616699
2026-09-01 01:10:00,N05,0.4241,0.2821,0.5093537277766798
2026-09-01 01:15:00,N05,0.5445,0.3288,0.6360736513958113
2026-09-01 01:20:00,N05,0.525,0.3025,0.6059135664432675
2026-09-01 01:25:00,N05,0.5004,0.267,0.5671764804714666
2026-09-01 01:30:00,N05,0.5349,0.321,0.623826105577508
2026-09-01 01:35:00,N05,0.5246,0.2737,0.5917067263433803
2026-09-01 01:40:00,N05,0.3923,0.3549,0.5290116255811397
2026-09-01 01:45:00,N05,0.4761,0.2569,0.5409887429512744
2026-09-01 01:50:00,N05,0.5347,0.2804,0.6037617493680765
2026-09-01 01:55:00,N05,0.553,0.3309,0.6444406954871799
2026-09-01 02:00:00,N05,0.5342,0.2317,0.5822838912420641
2026-09-01 02:05:00,N05,0.5606,0.3131,0.6421090016500314
2026-09-01 02:10:00,N05,0.4815,0.3072,0.571151547314721
2026-09-01 02:15:00,N05,0.4112,0.3204,0.5212884038610489
2026-09-01 02:20:00,N05,0.4485,0.2324,0.505135635250573
2026-09-01 02:25:00,N05,0.4239,0.3556,0.5533015181616621
2026-09-01 02:30:00,N05,0.4685,0.3767,0.6011614924460814
2026-09-01 02:35:00,N05,0.4732,0.2146,0.5195877211790133
2026-09-01 02:40:00,N05,0.4442,0.3618,0.5728986646868711
2026-09-01 02:45:00,N05,0.4922,0.2726,0.5626469585806005
2026-09-01 02:50:00,N05,0.508,0.3251,0.6031202284785347
2026-09-01 02:55:00,N05,0.5559,0.3724,0.6691087878663677
2026-09-01 03:00:00,N05,0.482,0.2337,0.5356675181490846
2026-09-01 03:05:00,N05,0.4793,0.313,0.5724486789223991
2026-09-01 03:10:00,N05,0.4518,0.2521,0.5173757338723957
2026-09-01 03:15:00,N05,0.5172,0.2976,0.5967089742914883
2026-09-01 03:20:00,N05,0.5016,0.2621,0.5659496178989787
2026-09-01 03:25:00,N05,0.4885,0.2538,0.5504967665663442
2026-09-01 03:30:00,N05,0.5445,0.3518,0.648261899235178
2026-09-01 03:35:00,N05,0.4077,0.2535,0.48008492998635144
2026-09-01 03:40:00,N05,0.4252,0.2675,0.5023457872820275
2026-09-01 03:45:00,N05,0.4958,0.2275,0.5455033363784313
2026-09-01 03:50:00,N05,0.4539,0.2498,0.5180977224423979
2026-09-01 03:55:00,N05,0.5104,0.3035,0.5938184992066179
2026-09-01 04:00:00,N05,0.4639,0.3088,0.5572796874101908
2026-09-01 04:05:00,N05,0.4727,0.2864,0.5526936312280069
2026-09-01 04:10:00,N05,0.5837,0.367,0.6894887163688758
2026-09-01 04:15:00,N05,0.435,0.3415,0.5530345830054392
2026-09-01 04:20:00,N05,0.5406,0.2426,0.5925395514225189
2026-09-01 04:25:00,N05,0.5409,0.3769,0.6592620268148318
2026-09-01 04:30:00,N05,0.4439,0.2541,0.5114821795527191
2026-09-01 04:35:00,N05,0.5509,0.3136,0.6339051742965978
2026-09-01 04:40:00,N05,0.5276,0.317,0.6155085377149532
2026-09-01 04:45:00,N05,0.5195,0.2337,0.5696454511360552
2026-09-01 04:50:00,N05,0.5524,0.3585,0.6585347447173915
2026-09-01 04:55:00,N05,0.4885,0.2978,0.5721163255842294
2026-09-01 05:00:00,N05,0.4234,0.3257,0.5341797918304285
2026-09-01 05:05:00,N05,0.5286,0.2969,0.6062735108843202
2026-09-01 05:10:00,N05,0.5562,0.2833,0.6241933434441608
2026-09-01 05:15:00,N05,0.5282,0.249,0.5839488333749798
2026-09-01 05:20:00,N05,0.4988,0.2913,0.5776306172633164
2026-09-01 05:25:00,N05,0.5113,0.2815,0.5836693755886118
2026-09-01 05:30:00,N05,0.4934,0.3413,0.5999410387696444
2026-09-01 05:35:00,N05,0.4782,0.2197,0.5262540546162091
2026-09-01 05:40:00,N05,0.5875,0.3691,0.69382350781737
2026-09-01 05:45:00,N05,0.4354,0.3345,0.5490568367664681
2026-09-01 05:50:00,N05,0.4749,0.3132,0.5688798203487271
2026-09-01 05:55:00,N05,0.5147,0.2883,0.589943200655792
2026-09-01 06:00:00,N05,0.4608,0.2655,0.5318147139747076
2026-09-01 06:05:00,N05,0.4542,0.2584,0.5225592789339789
2026-09-01 06:10:00,N05,0.4966,0.2642,0.5625061777438537
2026-09-01 06:15:00,N05,0.5341,0.3744,0.6522562149953038
2026-09-01 06:20:00,N05,0.471,0.312,0.5649646006609618
2026-09-01 06:25:00,N05,0.525,0.3236,0.6167187041107153
2026-09-01 06:30:00,N05,0.5038,0.3371,0.6061772430568473
2026-09-01 06:35:00,N05,0.5241,0.2381,0.5756495635367059
2026-09-01 06:40:00,N05,0.5435,0.3444,0.6434311229649993
2026-09-01 06:45:00,N05,0.4618,0.3019,0.5517271517697856
2026-09-01 06:50:00,N05,0.5342,0.2895,0.6076017527953651
2026-09-01 06:55:00,N05,0.5536,0.4182,0.6938041510397585
2026-09-01 07:00:00,N05,0.4607,0.2309,0.5153244608981802
2026-09-01 07:05:00,N05,0.5152,0.3361,0.615137586235795
2026-09-01 07:10:00,N05,0.4885,0.3727,0.6144408352315135
2026-09-01 07:15:00,N05,0.4331,0.3346,0.5472958706220978
2026-09-01 07:20:00,N05,0.4697,0.386,0.6079589542066142
2026-09-01 07:25:00,N05,0.5996,0.2617,0.6542224774493766
2026-09-01 07:30:00,N05,0.4725,0.343,0.5838709189538386
2026-09-01 07:35:00,N05,0.4806,0.2977,0.5653332203223158
2026-09-01 07:40:00,N05,0.5013,0.204,0.5412187081023715
2026-09-01 07:45:00,N05,0.4993,0.2655,0.5655004332447501
2026-09-01 07:50:00,N05,0.4753,0.3722,0.6036910882231077
2026-09-01 07:55:00,N05,0.4372,0.3407,0.5542745980107694
2026-09-01 08:00:00,N05,0.4861,0.286,0.5639939804643308
2026-09-01 08:05:00,N05,0.5395,0.317,0.6257389631467741
2026-09-01 08:10:00,N05,0.5285,0.3484,0.633004589240868
2026-09-01 08:15:00,N05,0.4834,0.2694,0.5534003252619211
2026-09-01 08:20:00,N05,0.4457,0.2587,0.5153388982019502
2026-09-01 08:25:00,N05,0.6475,0.3622,0.7419198676407042
2026-09-01 08:30:00,N05,0.4324,0.2339,0.4916085536277822
2026-09-01 08:35:00,N05,0.5241,0.3274,0.6179575794502402
2026-09-01 08:40:00,N05,0.5274,0.2873,0.6005764314389967
2026-09-01 08:45:00,N05,0.4937,0.3164,0.5863860929455951
2026-09-01 08:50:00,N05,0.5043,0.189,0.5385531450098495
2026-09-01 08:55:00,N05,0.4885,0.2574,0.552165745044004
2026-09-01 09:00:00,N05,0.5088,0.4493,0.6787841556783718
2026-09-01 09:05:00,N05,0.5184,0.2843,0.5912402641904557
2026-09-01 09:10:00,N05,0.5461,0.3241,0.635032298391192
2026-09-01 09:15:00,N05,0.521,0.3303,0.6168785050558984
2026-09-01 09:20:00,N05,0.6028,0.2435,0.6501231344906901
2026-09-01 09:25:00,N05,0.5237,0.2537,0.5819152687462326
2026-09-01 09:30:00,N05,0.5278,0.2541,0.5857812304947984
2026-09-01 09:35:00,N05,0.4791,0.2852,0.5575624180304839
2026-09-01 09:40:00,N05,0.5488,0.3459,0.6487127638639462
2026-09-01 09:45:00,N05,0.4377,0.3027,0.5321734491685958
2026-09-01 09:50:00,N05,0.4645,0.2371,0.5215138157326228
2026-09-01 09:55:00,N05,0.4891,0.2846,0.5658762850659144
2026-09-01 10:00:00,N05,0.6213,0.3216,0.699600064322467
2026-09-01 10:05:00,N05,0.4311,0.2718,0.5096297185212024
2026-09-01 10:10:00,N05,0.5511,0.4044,0.6835572909420249
2026-09-01 10:15:00,N05,0.4207,0.206,0.46842767851611844
2026-09-01 10:20:00,N05,0.5935,0.3195,0.6740344946662596
2026-09-01 10:25:00,N05,0.4566,0.3267,0.5614414038882419
2026-09-01 10:30:00,N05,0.3682,0.3002,0.47506976329798134
2026-09-01 10:35:00,N05,0.5164,0.3462,0.6217100610413185
2026-09-01 10:40:00,N05,0.4493,0.3043,0.5426499608403192
2026-09-01 10:45:00,N05,0.4537,0.3128,0.5510785152770883
2026-09-01 10:50:00,N05,0.4552,0.2796,0.5342126917249346
2026-09-01 10:55:00,N05,0.4502,0.3326,0.5597345799573222
2026-09-01 11:00:00,N05,0.5429,0.2883,0.6147009842191568
2026-09-01 11:05:00,N05,0.5019,0.2276,0.5510947014806076
2026-09-01 11:10:00,N05,0.485,0.2975,0.5689738570444164
2026-09-01 11:15:00,N05,0.631,0.2444,0.6766774416219297
2026-09-01 11:20:00,N05,0.5732,0.3498,0.6715044899328672
2026-09-01 11:25:00,N05,0.514,0.3879,0.6439428623721207
2026-09-01 11:30:00,N05,0.5186,0.3195,0.6091192083656531
2026-09-01 11:35:00,N05,0.4973,0.3612,0.614632190826351
2026-09-01 11:40:00,N05,0.5548,0.2687,0.616443614615319
2026-09-01 11:45:00,N05,0.434,0.2899,0.5219176276003714
2026-09-01 11:50:00,N05,0.46,0.2968,0.5474397135758421
2026-09-01 11:55:00,N05,0.5619,0.2771,0.6265109895285157
2026-09-01 12:00:00,N05,0.4979,0.3029,0.5827974090539525
2026-09-01 12:05:00,N05,0.5424,0.1877,0.5739591013303996
2026-09-01 12:10:00,N05,0.4697,0.3106,0.563107849350371
2026-09-01 12:15:00,N05,0.56,0.2754,0.6240554142061425
2026-09-01 12:20:00,N05,0.4062,0.331,0.5239841982350231
2026-09-01 12:25:00,N05,0.4682,0.2405,0.5263568086383988
2026-09-01 12:30:00,N05,0.4688,0.2908,0.5516684511552206
2026-09-01 12:35:00,N05,0.4698,0.1897,0.5066538561977003
2026-09-01 12:40:00,N05,0.5449,0.3637,0.6551287659689506
2026-09-01 12:45:00,N05,0.5326,0.2431,0.5854574023786872
2026-09-01 12:50:00,N05,0.4899,0.2997,0.5743014017047147
2026-09-01 12:55:00,N05,0.5299,0.3334,0.6260587592231259
2026-09-01 13:00:00,N05,0.4633,0.3041,0.5541874231701762
2026-09-01 13:05:00,N05,0.5229,0.3728,0.6421870833331982
2026-09-01 13:10:00,N05,0.5352,0.3395,0.6337975149840839
2026-09-01 13:15:00,N05,0.5042,0.3705,0.6256899311959558
2026-09-01 13:20:00,N05,0.5205,0.2569,0.5804462593556788
2026-09-01 13:25:00,N05,0.5702,0.3349,0.6612760769905411
2026-09-01 13:30:00,N05,0.4778,0.276,0.5517869516398517
2026-09-01 13:35:00,N05,0.5148,0.3232,0.6078464279733822
2026-09-01 13:40:00,N05,0.5099,0.3156,0.599667716322965
2026-09-01 13:45:00,N05,0.585,0.3536,0.6835626964660959
2026-09-01 13:50:00,N05,0.5095,0.3471,0.6164970883953954
2026-09-01 13:55:00,N05,0.4484,0.3199,0.5508162760848666
2026-09-01 14:00:00,N05,0.5905,0.2891,0.6574717180229124
2026-09-01 14:05:00,N05,0.4576,0.2674,0.5300004905658108
2026-09-01 14:10:00,N05,0.4455,0.2608,0.5162236821378888
2026-09-01 14:15:00,N05,0.4815,0.2297,0.5334832143563656
2026-09-01 14:20:00,N05,0.5008,0.3451,0.6081896496981842
2026-09-01 14:25:00,N05,0.4546,0.376,0.5899467433590934
2026-09-01 14:30:00,N05,0.5255,0.3515,0.6322202938849717
2026-09-01 14:35:00,N05,0.4671,0.3427,0.5793321154571012
2026-09-01 14:40:00,N05,0.4454,0.3445,0.5630820632909558
2026-09-01 14:45:00,N05,0.5086,0.3277,0.6050299579359687
2026-09-01 14:50:00,N05,0.4412,0.2552,0.5096905727988306
2026-09-01 14:55:00,N05,0.5299,0.2526,0.5870270607050411
2026-09-01 15:00:00,N05,0.5232,0.2316,0.5721685066481726
2026-09-01 15:05:00,N05,0.5424,0.2384,0.592479805563025
2026-09-01 15:10:00,N05,0.5276,0.3313,0.6229939405804843
2026-09-01 15:15:00,N05,0.4652,0.3291,0.5698401968973407
2026-09-01 15:20:00,N05,0.513,0.2731,0.5811648733363021
2026-09-01 15:25:00,N05,0.4496,0.2019,0.4928526859011727
2026-09-01 15:30:00,N05,0.5175,0.2218,0.5630288536123171
2026-09-01 15:35:00,N05,0.5048,0.2868,0.5805835684894983
2026-09-01 15:40:00,N05,0.534,0.2849,0.6052470652551734
2026-09-01 15:45:00,N05,0.4835,0.3366,0.5891280081612145
2026-09-01 15:50:00,N05,0.5168,0.3158,0.605649964913728
2026-09-01 15:55:00,N05,0.5235,0.2232,0.5690962045208173
2026-09-01 16:00:00,N05,0.5378,0.3306,0.6312885235769774
2026-09-01 16:05:00,N05,0.4492,0.2878,0.5334880317307971
2026-09-01 16:10:00,N05,0.498,0.2933,0.57795232502344
2026-09-01 16:15:00,N05,0.5167,0.3716,0.6364475233670095
2026-09-01 16:20:00,N05,0.5541,0.2344,0.6016395681801522
2026-09-01 16:25:00,N05,0.5311,0.3664,0.6452256736987455
2026-09-01 16:30:00,N05,0.5193,0.3545,0.6287628646795228
2026-09-01 16:35:00,N05,0.6006,0.3512,0.6957454994464571
2026-09-01 16:40:00,N05,0.5125,0.3523,0.6219095915002437
2026-09-01 16:45:00,N05,0.5072,0.3012,0.589892600394343
2026-09-01 16:50:00,N05,0.4824,0.3782,0.6129804238309736
2026-09-01 16:55:00,N05,0.4591,0.3766,0.5938016251240813
2026-09-01 17:00:00,N05,0.525,0.23,0.5731710041514662
2026-09-01 17:05:00,N05,0.5184,0.195,0.5538624016847505
2026-09-01 17:10:00,N05,0.5313,0.3443,0.6331051887324886
2026-09-01 17:15:00,N05,0.4704,0.3062,0.5612794312995979
2026-09-01 17:20:00,N05,0.5977,0.2747,0.6578034508878773
2026-09-01 17:25:00,N05,0.4471,0.3741,0.5829658823636251
2026-09-01 17:30:00,N05,0.5981,0.3002,0.6692112147894713
2026-09-01 17:35:00,N05,0.5506,0.3671,0.6617573346779013
2026-09-01 17:40:00,N05,0.4629,0.2757,0.5387827948255215
2026-09-01 17:45:00,N05,0.5615,0.3843,0.6804180626644181
2026-09-01 17:50:00,N05,0.5281,0.256,0.5868778493008575
2026-09-01 17:55:00,N05,0.5994,0.2735,0.6588494592848962
2026-09-01 18:00:00,N05,0.4832,0.3171,0.57795730811194
2026-09-01 18:05:00,N05,0.5777,0.3427,0.6716997692421816
2026-09-01 18:10:00,N05,0.5207,0.3232,0.6128513114940687
2026-09-01 18:15:00,N05,0.5022,0.3279,0.5997693306597128
2026-09-01 18:20:00,N05,0.3735,0.2852,0.4699375384027116
2026-09-01 18:25:00,N05,0.5121,0.2424,0.5665722990051667
2026-09-01 18:30:00,N05,0.5193,0.2898,0.5946902807344341
2026-09-01 18:35:00,N05,0.5878,0.3787,0.6992299550219513
2026-09-01 18:40:00,N05,0.4767,0.2925,0.5592844893254237
2026-09-01 18:45:00,N05,0.4963,0.2774,0.5685634968937067
2026-09-01 18:50:00,N05,0.5098,0.2621,0.5732298404654106
2026-09-01 18:55:00,N05,0.4435,0.3311,0.5534613446303184
2026-09-01 19:00:00,N05,0.5315,0.2598,0.591598081470858
2026-09-01 19:05:00,N05,0.5448,0.2684,0.6073266007676594
2026-09-01 19:10:00,N05,0.5127,0.341,0.6157453126090364
2026-09-01 19:15:00,N05,0.4983,0.3227,0.5936650402373379
2026-09-01 19:20:00,N05,0.4742,0.2902,0.5559511489330695
2026-09-01 19:25:00,N05,0.4897,0.2627,0.5557133973551475
2026-09-01 19:30:00,N05,0.4912,0.2226,0.539284896877337
2026-09-01 19:35:00,N05,0.4754,0.2858,0.5546952316362562
2026-09-01 19:40:00,N05,0.4872,0.2879,0.5659065735613963
2026-09-01 19:45:00,N05,0.4969,0.324,0.593199468981556
2026-09-01 19:50:00,N05,0.5437,0.2675,0.6059421919622365
2026-09-01 19:55:00,N05,0.4398,0.2479,0.5048548801388375
2026-09-01 20:00:00,N05,0.4756,0.2824,0.5531230604485768
2026-09-01 20:05:00,N05,0.4615,0.2352,0.5179780786867336
2026-09-01 20:10:00,N05,0.4772,0.3091,0.568561913954848
2026-09-01 20:15:00,N05,0.5298,0.2721,0.5955891620907822
2026-09-01 20:20:00,N05,0.4794,0.2537,0.5423910489674401
2026-09-01 20:25:00,N05,0.4984,0.2576,0.5610350434687659
2026-09-01 20:30:00,N05,0.5287,0.2107,0.5691381027483575
2026-09-01 20:35:00,N05,0.482,0.3151,0.5758576299746317
2026-09-01 20:40:00,N05,0.5092,0.4347,0.6695138012020364
2026-09-01 20:45:00,N05,0.5175,0.2498,0.5746357890003023
2026-09-01 20:50:00,N05,0.4952,0.2112,0.5383572048370858
2026-09-01 20:55:00,N05,0.496,0.2583,0.559227046913863
2026-09-01 21:00:00,N05,0.5458,0.2725,0.6100441705319378
2026-09-01 21:05:00,N05,0.4942,0.2682,0.5622854079557819
2026-09-01 21:10:00,N05,0.5869,0.2839,0.6519592165158798
2026-09-01 21:15:00,N05,0.5916,0.3407,0.6826910355351095
2026-09-01 21:20:00,N05,0.5241,0.3184,0.6132367976565007
2026-09-01 21:25:00,N05,0.5197,0.2036,0.5581586244070766
2026-09-01 21:30:00,N05,0.4861,0.3423,0.5945271230145854
2026-09-01 21:35:00,N05,0.4976,0.2297,0.5480582542029634
2026-09-01 21:40:00,N05,0.4974,0.3852,0.6291150928089391
2026-09-01 21:45:00,N05,0.5623,0.2969,0.6358701911553961
2026-09-01 21:50:00,N05,0.5476,0.2817,0.615808939525889
2026-09-01 21:55:00,N05,0.4148,0.2538,0.4862853894576723
2026-09-01 22:00:00,N05,0.5781,0.2863,0.6451103006463312
2026-09-01 22:05:00,N05,0.4878,0.285,0.5649547238496196
2026-09-01 22:10:00,N05,0.5952,0.3813,0.7068611815625468
2026-09-01 22:15:00,N05,0.6109,0.292,0.677098818489591
2026-09-01 22:20:00,N05,0.5148,0.2242,0.5615021638426695
2026-09-01 22:25:00,N05,0.5738,0.2416,0.6225889494682667
2026-09-01 22:30:00,N05,0.5108,0.2451,0.5665603674808185
2026-09-01 22:35:00,N05,0.4706,0.2581,0.5367308170768659
2026-09-01 22:40:00,N05,0.4696,0.273,0.5431879601022099
2026-09-01 22:45:00,N05,0.4726,0.3417,0.5831892060043636
2026-09-01 22:50:00,N05,0.4448,0.311,0.5427412274740145
2026-09-01 22:55:00,N05,0.5609,0.2743,0.6243791316179617
2026-09-01 23:00:00,N05,0.4641,0.2885,0.5464623134306702
2026-09-01 23:05:00,N05,0.559,0.3097,0.6390579707663461
2026-09-01 23:10:00,N05,0.4734,0.3242,0.5737710344728113
2026-09-01 23:15:00,N05,0.4449,0.3341,0.5563801038858237
2026-09-01 23:20:00,N05,0.5204,0.2846,0.5931385335653047
2026-09-01 23:25:00,N05,0.4581,0.2557,0.5246313944094463
2026-09-01 23:30:00,N05,0.5267,0.3614,0.6387666631877402
2026-09-01 23:35:00,N05,0.4681,0.3229,0.5686668796404447
2026-09-01 23:40:00,N05,0.3956,0.2708,0.4794079682274795
2026-09-01 23:45:00,N05,0.4984,0.2545,0.5596184503748961
2026-09-01 23:50:00,N05,0.4532,0.2666,0.525800152149084
2026-09-01 23:55:00,N05,0.5146,0.2906,0.5909835192287514
